Level,Category ID,Category Name,Parent Category ID,Slug,Description,SEO Title,SEO Description,Is Active
1,1,Mobile Phones & Mobile Technology,,mobile-phones-mobile-technology,"Discover the latest smartphones, feature phones, and mobile accessories. From flagship Android devices to iPhones, find cutting-edge mobile technology for every need and budget.","Mobile Phones & Accessories | Shop Smartphones Online","Shop the latest smartphones, iPhones, Android phones, and mobile accessories. Fast charging, protective cases, wireless earbuds and more.",TRUE
2,101,Mobile Phones,1,mobile-phones,"Browse our extensive collection of mobile phones including Android smartphones, iPhones, gaming phones, and foldable devices from top brands worldwide.","Buy Mobile Phones Online | Android & iPhone","Shop Android smartphones, iPhones, gaming phones, foldable phones and more. Best prices on latest mobile devices.",TRUE
3,10101,Android Smartphones,101,android-smartphones,"Explore flagship and budget Android smartphones from Samsung, Google Pixel, OnePlus, Xiaomi, and more. Featuring the latest processors, cameras, and 5G connectivity.","Android Smartphones | Samsung, Pixel, OnePlus","Shop Android phones from top brands. Latest features, 5G connectivity, powerful cameras.",TRUE
3,10102,iPhones,101,iphones,"Shop the complete iPhone lineup including iPhone 15 Pro Max, iPhone 15, iPhone SE, and previous generation models. Experience Apple's ecosystem with iOS.","Buy iPhone | iPhone 15 Pro, iPhone SE","Shop all iPhone models. iPhone 15 Pro Max, iPhone 15, iPhone SE. Free shipping available.",TRUE
3,10103,Feature Phones,101,feature-phones,"Reliable feature phones with long battery life, FM radio, and essential communication features. Perfect for basic calling and texting needs.","Feature Phones | Basic Mobile Phones","Shop feature phones with long battery life. Nokia, Alcatel and more. Affordable basic phones.",TRUE
3,10104,Rugged Phones,101,rugged-phones,"Military-grade rugged smartphones built to withstand extreme conditions. IP68/69K rated, shockproof, and dustproof for outdoor and industrial use.","Rugged Phones | Waterproof & Shockproof","Shop rugged smartphones. Military-grade durability, waterproof, dustproof. Built for tough environments.",TRUE
3,10105,Foldable Phones,101,foldable-phones,"Revolutionary foldable smartphones featuring flexible displays. Samsung Galaxy Z Fold, Z Flip, and other innovative folding devices.","Foldable Phones | Samsung Galaxy Z Fold & Flip","Shop foldable smartphones. Galaxy Z Fold, Z Flip. Next-generation flexible display technology.",TRUE
3,10106,Gaming Phones,101,gaming-phones,"High-performance gaming smartphones with advanced cooling, high refresh rate displays, shoulder triggers, and optimized gaming features.","Gaming Phones | ASUS ROG, RedMagic","Shop gaming smartphones. High refresh rates, gaming triggers, advanced cooling systems.",TRUE
3,10107,Business & Enterprise Phones,101,business-enterprise-phones,"Secure business smartphones with enterprise-grade security features, long software support, and productivity tools for professional use.","Business Phones | Enterprise Smartphones","Shop business smartphones with enterprise security. Samsung Knox, BlackBerry and more.",TRUE
3,10108,Refurbished Phones,101,refurbished-phones,"Certified refurbished smartphones tested and restored to like-new condition. Save money on premium devices with warranty coverage.","Refurbished Phones | Certified Pre-Owned","Shop certified refurbished smartphones. Like-new condition, warranty included. Save up to 50%.",TRUE
2,102,Mobile Accessories,1,mobile-accessories,"Complete your mobile experience with premium accessories including cases, chargers, screen protectors, wireless earbuds, and more.","Mobile Accessories | Cases, Chargers, Earbuds","Shop mobile phone accessories. Protective cases, fast chargers, wireless earbuds, screen protectors.",TRUE
3,10201,Phone Cases & Protection,102,phone-cases-protection,"Protect your smartphone with premium cases, screen protectors, and camera lens covers. From slim silicone to heavy-duty rugged protection.","Phone Cases | Screen Protectors","Shop phone cases and screen protectors. Silicone, leather, rugged cases. Tempered glass protectors.",TRUE
4,1020101,Silicone Cases,10201,silicone-cases,"Flexible silicone phone cases offering lightweight protection with a soft-touch feel. Available in multiple colors and designs.","Silicone Phone Cases | Soft TPU Cases","Shop silicone phone cases. Soft, flexible, lightweight protection. Multiple colors available.",TRUE
4,1020102,Leather Cases,10201,leather-cases,"Premium genuine and PU leather phone cases combining elegant style with reliable protection. Professional look for business users.","Leather Phone Cases | Premium Cases","Shop leather phone cases. Genuine leather, PU leather. Elegant professional protection.",TRUE
4,1020103,Rugged Cases,10201,rugged-cases,"Heavy-duty rugged phone cases with military-grade drop protection. Multi-layer defense for extreme durability.","Rugged Phone Cases | Heavy Duty Protection","Shop rugged phone cases. Military-grade protection, multi-layer defense. Built for drops.",TRUE
4,1020104,Wallet Cases,10201,wallet-cases,"Convenient wallet phone cases with card slots and cash pockets. Combine your phone and wallet in one sleek package.","Wallet Phone Cases | Card Holder Cases","Shop wallet phone cases. Card slots, cash pocket, flip cover. All-in-one convenience.",TRUE
4,1020105,Waterproof Cases,10201,waterproof-cases,"IP68 rated waterproof phone cases for underwater photography and water sports. Full protection while maintaining touch sensitivity.","Waterproof Phone Cases | Swim & Dive Cases","Shop waterproof phone cases. IP68 rated, underwater use. Perfect for swimming and diving.",TRUE
4,1020106,Screen Protectors,10201,screen-protectors,"High-quality screen protectors including tempered glass, hydrogel film, and matte anti-glare options. Bubble-free installation.","Screen Protectors | Tempered Glass","Shop screen protectors. Tempered glass, hydrogel, matte. 9H hardness, bubble-free install.",TRUE
4,1020107,Camera Lens Protectors,10201,camera-lens-protectors,"Precision-cut camera lens protectors to shield your phone's camera from scratches and impacts without affecting photo quality.","Camera Lens Protectors | Lens Covers","Shop camera lens protectors. Scratch-proof, crystal clear. Protect your phone camera.",TRUE
3,10202,Power & Charging,102,power-charging,"Fast chargers, wireless charging pads, power banks, and charging cables to keep your devices powered throughout the day.","Phone Chargers | Power Banks","Shop phone chargers and power banks. Fast charging, wireless chargers, portable power.",TRUE
4,1020201,Wall Chargers,10202,wall-chargers,"Compact wall chargers with USB-A and USB-C ports. Single and multi-port options for home and office charging.","Wall Chargers | USB Chargers","Shop wall chargers. USB-A, USB-C ports. Fast charging for all devices.",TRUE
4,1020202,Fast Chargers,10202,fast-chargers,"Quick charge adapters supporting QC3.0, QC4.0, PD (Power Delivery), and brand-specific fast charging protocols.","Fast Chargers | Quick Charge Adapters","Shop fast chargers. Quick Charge 3.0/4.0, USB-PD. Charge up to 65% in 30 minutes.",TRUE
4,1020203,GaN Chargers,10202,gan-chargers,"Compact GaN (Gallium Nitride) chargers delivering high wattage in ultra-small form factors. Up to 65W-140W in pocket-sized designs.","GaN Chargers | Compact Fast Chargers","Shop GaN chargers. Ultra-compact, high wattage. 65W-140W in pocket-sized design.",TRUE
4,1020204,Wireless Chargers,10202,wireless-chargers,"Qi-certified wireless charging pads and stands. Fast wireless charging for compatible smartphones and earbuds.","Wireless Chargers | Qi Charging Pads","Shop wireless chargers. Qi-certified, fast wireless charging. Pads and stands available.",TRUE
4,1020205,Magnetic Chargers,10202,magnetic-chargers,"MagSafe and magnetic wireless chargers with perfect alignment every time. Compatible with iPhone and magnetic case accessories.","Magnetic Chargers | MagSafe Chargers","Shop magnetic chargers. MagSafe compatible, perfect alignment. Fast magnetic wireless charging.",TRUE
4,1020206,Power Banks,10202,power-banks,"Portable power banks from 5000mAh to 30000mAh capacity. Fast charging, wireless charging, and solar-powered options available.","Power Banks | Portable Chargers","Shop power banks. 5000mAh to 30000mAh. Fast charging, wireless, solar options.",TRUE
4,1020207,Charging Docks,10202,charging-docks,"Multi-device charging docks and stations. Charge your phone, watch, and earbuds simultaneously in one organized spot.","Charging Docks | Multi-Device Stations","Shop charging docks. Multi-device charging stations. Phone, watch, earbuds in one place.",TRUE
4,1020208,Multi-Port Chargers,10202,multi-port-chargers,"Desktop charging stations with multiple USB ports. Power up to 6 devices simultaneously for family or office use.","Multi-Port Chargers | USB Charging Stations","Shop multi-port chargers. Charge up to 6 devices. Perfect for family or office.",TRUE
3,10203,Cables & Connectivity,102,cables-connectivity,"High-quality charging and data cables, adapters, and connectivity accessories for seamless device connections.","Phone Cables | USB-C, Lightning Cables","Shop phone cables and adapters. USB-C, Lightning, OTG adapters. Fast data transfer.",TRUE
4,1020301,USB-C Cables,10203,usb-c-cables,"Durable USB-C cables with fast charging and high-speed data transfer. Various lengths and braided options available.","USB-C Cables | USB Type-C Cables","Shop USB-C cables. Fast charging, data transfer. Braided, various lengths.",TRUE
4,1020302,Lightning Cables,10203,lightning-cables,"MFi-certified Lightning cables for iPhone and iPad. Fast charging and reliable data sync with Apple devices.","Lightning Cables | iPhone Charger Cables","Shop Lightning cables. MFi-certified for iPhone/iPad. Fast charging, durable.",TRUE
4,1020303,OTG Adapters,10203,otg-adapters,"USB OTG (On-The-Go) adapters to connect USB drives, keyboards, and other peripherals directly to your smartphone.","OTG Adapters | USB On-The-Go","Shop OTG adapters. Connect USB devices to your phone. USB-C, Micro USB options.",TRUE
4,1020304,SIM Card Adapters,10203,sim-card-adapters,"SIM card adapters and tools for converting between Nano, Micro, and Standard SIM sizes. Includes ejector pin tools.","SIM Card Adapters | SIM Converters","Shop SIM card adapters. Nano to Micro, Micro to Standard. Ejector tools included.",TRUE
4,1020305,USB-C Hubs,10203,usb-c-hubs,"Portable USB-C hubs expanding your phone's connectivity with USB, HDMI, SD card, and ethernet ports.","USB-C Hubs | Phone Docking Hubs","Shop USB-C hubs for phones. Add USB, HDMI, SD card ports. Portable connectivity.",TRUE
3,10204,Audio Accessories,102,audio-accessories,"Premium audio accessories including wireless earbuds, wired earphones, and microphones for calls and content creation.","Audio Accessories | Earbuds & Earphones","Shop audio accessories. Wireless earbuds, wired earphones, microphones for phones.",TRUE
4,1020401,Wired Earphones,10204,wired-earphones,"High-fidelity wired earphones with 3.5mm jack or USB-C connection. Zero latency audio for gaming and music.","Wired Earphones | In-Ear Headphones","Shop wired earphones. 3.5mm, USB-C. Hi-Fi audio, zero latency.",TRUE
4,1020402,Wireless Earbuds,10204,wireless-earbuds,"True wireless earbuds with active noise cancellation, transparency mode, and long battery life. Premium audio on the go.","Wireless Earbuds | TWS Earbuds","Shop wireless earbuds. ANC, transparency mode. Premium sound, long battery.",TRUE
4,1020403,Neckband Earphones,10204,neckband-earphones,"Wireless neckband earphones combining convenience with all-day comfort. Quick pairing and extended battery life.","Neckband Earphones | Wireless Neckbands","Shop neckband earphones. Wireless, comfortable. Long battery, quick pairing.",TRUE
4,1020404,Lavalier Microphones,10204,lavalier-microphones,"Professional lavalier and lapel microphones for content creation, vlogging, and video calls. Wireless and wired options.","Lavalier Microphones | Lapel Mics","Shop lavalier microphones. Professional audio for content creators. Wireless options.",TRUE
3,10205,Mounts & Holders,102,mounts-holders,"Secure phone mounts and holders for car, bike, desk, and more. Keep your device accessible and safely positioned.","Phone Mounts | Car & Desk Holders","Shop phone mounts and holders. Car mounts, bike mounts, desk stands. Secure positioning.",TRUE
4,1020501,Car Phone Holders,10205,car-phone-holders,"Secure car phone mounts for dashboard, windshield, air vent, and CD slot. Hands-free navigation while driving.","Car Phone Holders | Car Mounts","Shop car phone holders. Dashboard, vent, windshield mounts. Safe hands-free driving.",TRUE
4,1020502,Bike Phone Mounts,10205,bike-phone-mounts,"Sturdy bike and motorcycle phone mounts with vibration dampening. Weather-resistant for outdoor cycling and riding.","Bike Phone Mounts | Motorcycle Holders","Shop bike phone mounts. Secure, vibration-dampened. Weather-resistant for cycling.",TRUE
4,1020503,Desk Phone Stands,10205,desk-phone-stands,"Adjustable desk phone stands for video calls, content viewing, and workspace organization. Multiple viewing angles.","Desk Phone Stands | Tablet Stands","Shop desk phone stands. Adjustable angles, stable base. Perfect for video calls.",TRUE
1,2,Computers Laptops & Workstations,,computers-laptops-workstations,"Shop laptops, desktop computers, and professional workstations. From ultrabooks to gaming rigs, find the perfect computer for work, study, or play.","Computers & Laptops | Buy PCs Online","Shop laptops, desktops, workstations. Gaming PCs, business laptops, all-in-ones. Top brands.",TRUE
2,201,Laptops,2,laptops,"Discover laptops for every need - ultraportable notebooks, powerful gaming machines, business workhorses, and budget-friendly options.","Laptops | Notebooks for Work & Gaming","Shop laptops. Ultrabooks, gaming laptops, 2-in-1s. All budgets, top performance.",TRUE
3,20101,Ultrabooks,201,ultrabooks,"Ultra-thin and lightweight laptops with premium build quality, long battery life, and powerful performance for professionals on the move.","Ultrabooks | Thin & Light Laptops","Shop ultrabooks. Ultra-thin, lightweight. Premium performance, all-day battery.",TRUE
3,20102,Business Laptops,201,business-laptops,"Enterprise-grade business laptops with enhanced security, docking support, and reliability. ThinkPad, Latitude, EliteBook series.","Business Laptops | Enterprise Notebooks","Shop business laptops. Enterprise security, docking support. ThinkPad, EliteBook.",TRUE
3,20103,Student Laptops,201,student-laptops,"Affordable and reliable laptops perfect for students. Balance of performance, portability, and price for academic success.","Student Laptops | Budget Notebooks","Shop student laptops. Affordable, portable, reliable. Perfect for school and college.",TRUE
3,20104,Gaming Laptops,201,gaming-laptops,"High-performance gaming laptops with dedicated GPUs, high refresh displays, and advanced cooling for immersive gaming anywhere.","Gaming Laptops | RTX Gaming Notebooks","Shop gaming laptops. RTX graphics, high refresh displays. Game anywhere.",TRUE
3,20105,Workstation Laptops,201,workstation-laptops,"Mobile workstations with professional GPUs and ECC memory for CAD, 3D rendering, video editing, and scientific computing.","Workstation Laptops | Mobile Workstations","Shop workstation laptops. Professional GPUs, ECC memory. CAD, 3D, video editing.",TRUE
3,20106,2-in-1 Convertible Laptops,201,2-in-1-convertible-laptops,"Versatile 2-in-1 laptops that transform between laptop and tablet modes. Touch screens with stylus support for flexibility.","2-in-1 Laptops | Convertible Notebooks","Shop 2-in-1 laptops. Laptop and tablet modes. Touch screen, stylus support.",TRUE
3,20107,Chromebooks,201,chromebooks,"Fast-booting Chromebooks running Chrome OS. Simple, secure, and always up to date with Google integration.","Chromebooks | Chrome OS Laptops","Shop Chromebooks. Fast boot, secure, Google integrated. Simple and affordable.",TRUE
3,20108,Refurbished Laptops,201,refurbished-laptops,"Certified refurbished laptops professionally tested and restored. Premium brands at significant savings with warranty.","Refurbished Laptops | Certified Pre-Owned","Shop refurbished laptops. Certified, tested, warranty. Save on premium brands.",TRUE
2,202,Desktop Computers,2,desktop-computers,"Desktop computers from compact mini PCs to powerful towers. Pre-built systems and customizable options for any use case.","Desktop Computers | Tower PCs & All-in-Ones","Shop desktop computers. Tower PCs, mini PCs, all-in-ones. Custom builds available.",TRUE
3,20201,Tower PCs,202,tower-pcs,"Traditional tower desktop PCs with full upgradeability and expansion options. Maximum performance and cooling capacity.","Tower PCs | Full Tower Desktops","Shop tower PCs. Full upgradeability, maximum performance. Expandable and powerful.",TRUE
3,20202,Small Form Factor PCs,202,small-form-factor-pcs,"Compact SFF desktop computers balancing performance with space efficiency. Perfect for clean, minimalist setups.","Small Form Factor PCs | Compact Desktops","Shop small form factor PCs. Compact design, full performance. Space-efficient.",TRUE
3,20203,All-in-One PCs,202,all-in-one-pcs,"Sleek all-in-one computers with integrated displays. Clean aesthetics with minimal cables for modern workspaces.","All-in-One PCs | AIO Computers","Shop all-in-one PCs. Built-in display, minimal cables. Sleek modern design.",TRUE
3,20204,Mini PCs,202,mini-pcs,"Ultra-compact mini PCs that pack full desktop capabilities in palm-sized designs. VESA mountable for space savings.","Mini PCs | Compact Desktop Computers","Shop mini PCs. Ultra-compact, VESA mountable. Full desktop power, tiny footprint.",TRUE
3,20205,Custom-Built PCs,202,custom-built-pcs,"Custom-configured desktop PCs built to your specifications. Choose components for gaming, content creation, or professional work.","Custom-Built PCs | Build Your Own PC","Shop custom-built PCs. Configure your specs. Gaming, workstation, office builds.",TRUE
2,203,Workstations,2,workstations,"Professional workstations for demanding applications. Certified systems for engineering, 3D rendering, AI/ML, and scientific computing.","Workstations | Professional Computers","Shop workstations. CAD, 3D rendering, AI/ML. ISV certified, professional grade.",TRUE
3,20301,Engineering Workstations,203,engineering-workstations,"CAD-certified workstations optimized for engineering software. Solidworks, AutoCAD, and CATIA certified configurations.","Engineering Workstations | CAD Computers","Shop engineering workstations. CAD certified, professional GPUs. Solidworks, AutoCAD ready.",TRUE
3,20302,3D Rendering Workstations,203,3d-rendering-workstations,"High-performance workstations for 3D rendering and animation. Optimized for Blender, Maya, Cinema 4D, and V-Ray.","3D Rendering Workstations | Animation PCs","Shop 3D rendering workstations. High-performance for animation. Blender, Maya optimized.",TRUE
3,20303,AI & ML Workstations,203,ai-ml-workstations,"GPU-accelerated workstations for artificial intelligence and machine learning development. Multi-GPU configurations available.","AI & ML Workstations | Deep Learning PCs","Shop AI/ML workstations. Multi-GPU, high memory. Deep learning, data science ready.",TRUE
1,3,Computer Components & PC Hardware,,computer-components-pc-hardware,"Build or upgrade your PC with quality components. CPUs, GPUs, motherboards, RAM, storage, and cooling solutions from top manufacturers.","PC Components | Build Your Own PC","Shop PC components. CPUs, GPUs, motherboards, RAM, SSDs. Build or upgrade your PC.",TRUE
2,301,Processing & Core Components,3,processing-core-components,"Essential processing components including CPUs, motherboards, and chipsets. The foundation of every computer build.","CPUs & Motherboards | Processing Components","Shop CPUs and motherboards. Intel, AMD processors. Gaming and workstation boards.",TRUE
3,30101,CPUs / Processors,301,cpus-processors,"Desktop and laptop processors from Intel and AMD. From budget chips to flagship gaming and workstation CPUs.","CPUs | Intel & AMD Processors","Shop CPUs. Intel Core, AMD Ryzen. Gaming, workstation processors. All generations.",TRUE
3,30102,Motherboards,301,motherboards,"Desktop motherboards in ATX, Micro-ATX, and Mini-ITX form factors. Intel and AMD chipsets with latest features.","Motherboards | Gaming & Workstation Boards","Shop motherboards. ATX, Micro-ATX, Mini-ITX. Intel, AMD chipsets.",TRUE
3,30103,Chipsets,301,chipsets,"Replacement chipsets and specialized processing chips for repairs and custom builds.","Chipsets | Replacement Chips","Shop chipsets. Replacement and upgrade chips. Specialized processing components.",TRUE
2,302,Memory & Storage,3,memory-storage,"RAM modules and storage drives for system building and upgrades. DDR4/DDR5 memory, SSDs, HDDs, and NAS drives.","RAM & Storage | Memory & SSDs","Shop RAM and storage. DDR4, DDR5 memory. NVMe SSDs, HDDs, NAS drives.",TRUE
3,30201,RAM Memory,302,ram-memory,"Desktop and laptop RAM modules. DDR3, DDR4, and DDR5 memory in various speeds and capacities.","RAM Memory | DDR4 & DDR5 Modules","Shop RAM. DDR3, DDR4, DDR5. Desktop and laptop memory. All capacities.",TRUE
3,30202,Hard Disk Drives,302,hard-disk-drives,"Traditional HDD storage for mass data storage. High capacity drives for NAS, surveillance, and desktop use.","Hard Disk Drives | HDD Storage","Shop hard drives. High capacity HDDs. NAS, surveillance, desktop drives.",TRUE
3,30203,SATA SSDs,302,sata-ssds,"2.5-inch SATA solid-state drives for system upgrades. Reliable performance boost over traditional hard drives.","SATA SSDs | 2.5 Inch Solid State Drives","Shop SATA SSDs. 2.5-inch form factor. Reliable upgrade for any system.",TRUE
3,30204,NVMe SSDs,302,nvme-ssds,"High-speed NVMe M.2 solid-state drives with PCIe Gen3/Gen4/Gen5 interface. Ultra-fast boot and load times.","NVMe SSDs | M.2 Solid State Drives","Shop NVMe SSDs. M.2 PCIe Gen4/Gen5. Ultra-fast performance.",TRUE
3,30205,External SSDs,302,external-ssds,"Portable external SSDs with USB-C and Thunderbolt connectivity. Fast, rugged storage for on-the-go professionals.","External SSDs | Portable Solid State Drives","Shop external SSDs. USB-C, Thunderbolt. Portable, fast, rugged storage.",TRUE
3,30206,NAS Drives,302,nas-drives,"NAS-optimized hard drives designed for 24/7 operation in network attached storage systems. CMR technology for reliability.","NAS Drives | Network Storage HDDs","Shop NAS drives. 24/7 rated, CMR technology. Reliable network storage.",TRUE
2,303,Graphics & Display,3,graphics-display,"Graphics cards and video capture solutions. From entry-level GPUs to flagship cards for gaming and content creation.","Graphics Cards | GPUs & Capture Cards","Shop graphics cards. NVIDIA GeForce, AMD Radeon. Gaming and professional GPUs.",TRUE
3,30301,Graphics Cards,303,graphics-cards,"Desktop graphics cards from NVIDIA and AMD. GeForce RTX, Radeon RX series for gaming, streaming, and creative work.","Graphics Cards | NVIDIA & AMD GPUs","Shop graphics cards. RTX 4090, 4080, Radeon RX. Gaming and workstation GPUs.",TRUE
3,30302,Capture Cards,303,capture-cards,"Video capture cards for streaming, recording, and content creation. Internal PCIe and external USB options.","Capture Cards | Game Capture Devices","Shop capture cards. Stream and record gameplay. Internal and external options.",TRUE
2,304,Power & Cooling,3,power-cooling,"Power supply units and cooling solutions. ATX power supplies, CPU coolers, case fans, and thermal compounds.","PSUs & Cooling | Power Supplies & Coolers","Shop PSUs and cooling. Power supplies, CPU coolers, case fans. Thermal paste.",TRUE
3,30401,Power Supply Units,304,power-supply-units,"ATX and SFX power supplies from 450W to 1600W. 80+ efficiency ratings from Bronze to Titanium. Modular options.","Power Supply Units | ATX PSUs","Shop power supplies. 450W to 1600W. 80+ Bronze to Titanium. Modular PSUs.",TRUE
3,30402,Air Coolers,304,air-coolers,"CPU air coolers from compact low-profile to massive tower designs. Quiet operation with excellent thermal performance.","Air Coolers | CPU Tower Coolers","Shop air coolers. Tower coolers, low-profile. Quiet, effective cooling.",TRUE
3,30403,Liquid Coolers,304,liquid-coolers,"AIO liquid coolers and custom water cooling components. Superior cooling for overclocked and high-performance systems.","Liquid Coolers | AIO Water Cooling","Shop liquid coolers. AIO, custom loops. Superior cooling performance.",TRUE
3,30404,Case Fans,304,case-fans,"Airflow and static pressure case fans in 80mm to 200mm sizes. RGB lighting options for aesthetic builds.","Case Fans | PC Cooling Fans","Shop case fans. 80mm to 200mm. RGB, quiet operation. Airflow and static pressure.",TRUE
3,30405,Thermal Paste,304,thermal-paste,"High-performance thermal compounds and pads. Essential for CPU and GPU cooling efficiency.","Thermal Paste | Thermal Compound","Shop thermal paste. High-performance compounds. CPU and GPU application.",TRUE
2,305,Cases & Accessories,3,cases-accessories,"PC cases from compact Mini-ITX to full tower. RGB lighting, cable management, and building accessories.","PC Cases | Computer Enclosures","Shop PC cases. Mini-ITX, ATX, Full Tower. RGB, tempered glass, mesh front.",TRUE
3,30501,PC Cases,305,pc-cases,"Desktop computer cases in all form factors. Gaming aesthetics to professional minimalism. Excellent airflow designs.","PC Cases | ATX & Mini-ITX Enclosures","Shop PC cases. ATX, Micro-ATX, Mini-ITX. Gaming, professional designs.",TRUE
3,30502,RGB Lighting,305,rgb-lighting,"Addressable RGB lighting strips, fans, and accessories. Sync with motherboard software for custom lighting effects.","RGB Lighting | PC LED Strips","Shop RGB lighting. LED strips, RGB fans. ARGB, sync with motherboard.",TRUE
3,30503,Cable Management,305,cable-management-kits,"Cable management solutions including extensions, combs, and sleeved cables for clean, professional builds.","Cable Management | Sleeved Cables","Shop cable management. Sleeved extensions, cable combs. Clean professional builds.",TRUE
1,4,Displays & Monitors,,displays-monitors,"Computer monitors and display accessories for gaming, professional work, and general productivity. All sizes and resolutions.","Monitors | Computer Displays","Shop monitors. Gaming, office, ultrawide. 4K, curved, high refresh rate displays.",TRUE
2,401,Monitors,4,monitors,"LCD, LED, and OLED monitors in various sizes, resolutions, and panel types. From office displays to pro-grade monitors.","Computer Monitors | LCD & LED Displays","Shop monitors. Office, gaming, creative. All sizes, resolutions, panel types.",TRUE
3,40101,Office Monitors,401,office-monitors,"Productivity-focused monitors with eye care features, ergonomic stands, and USB-C connectivity for modern workflows.","Office Monitors | Work Displays","Shop office monitors. Eye care, USB-C hub. Ergonomic, productivity-focused.",TRUE
3,40102,Gaming Monitors,401,gaming-monitors,"High refresh rate gaming monitors with low response times. FreeSync and G-Sync support for smooth gameplay.","Gaming Monitors | High Refresh Rate Displays","Shop gaming monitors. 144Hz, 240Hz, 360Hz. G-Sync, FreeSync. Low response time.",TRUE
3,40103,Ultrawide Monitors,401,ultrawide-monitors,"Immersive 21:9 and 32:9 ultrawide monitors for gaming, productivity, and content creation. Replace dual monitor setups.","Ultrawide Monitors | 21:9 & 32:9 Displays","Shop ultrawide monitors. 21:9, 32:9 aspect ratio. Immersive gaming and productivity.",TRUE
3,40104,Curved Monitors,401,curved-monitors,"Curved displays providing immersive viewing experience. VA and IPS panels with various curvature options.","Curved Monitors | Immersive Displays","Shop curved monitors. 1000R, 1500R curvature. Immersive gaming and entertainment.",TRUE
3,40105,Touchscreen Monitors,401,touchscreen-monitors,"Interactive touchscreen displays for creative work, presentations, and point-of-sale applications.","Touchscreen Monitors | Interactive Displays","Shop touchscreen monitors. Multi-touch, interactive. Creative and business use.",TRUE
3,40106,Portable Monitors,401,portable-monitors,"Lightweight portable monitors for laptop extension on the go. USB-C powered with built-in stands or covers.","Portable Monitors | Travel Displays","Shop portable monitors. USB-C powered, lightweight. Extend your laptop anywhere.",TRUE
2,402,Display Accessories,4,display-accessories,"Monitor mounting solutions, privacy screens, and display accessories for optimal viewing and workspace organization.","Monitor Accessories | Arms & Stands","Shop monitor accessories. Monitor arms, stands, privacy filters. Ergonomic setup.",TRUE
3,40201,Monitor Arms,402,monitor-arms,"Adjustable monitor arms and mounts for single and multi-display setups. VESA compatible with full articulation.","Monitor Arms | Desk Mount Arms","Shop monitor arms. Single, dual, triple mounts. VESA compatible, full articulation.",TRUE
3,40202,Monitor Stands,402,monitor-stands,"Desktop monitor stands and risers with storage space. Elevate your display to ergonomic height.","Monitor Stands | Display Risers","Shop monitor stands. Risers with storage. Ergonomic height, organized desk.",TRUE
3,40203,Privacy Filters,402,screen-privacy-filters,"Screen privacy filters blocking side-angle viewing. Protect sensitive information in open offices and public spaces.","Privacy Filters | Screen Guards","Shop privacy filters. Block side viewing. Protect sensitive data on screen.",TRUE
1,5,Tablets & E-Readers,,tablets-e-readers,"Tablets and e-readers for entertainment, productivity, and reading. iPads, Android tablets, and dedicated e-ink devices.","Tablets & E-Readers | iPad & Android","Shop tablets and e-readers. iPads, Android tablets, Kindle. Entertainment and productivity.",TRUE
2,501,Tablets,5,tablets,"Full-featured tablets for work and play. iPads, Android tablets, and Windows devices with stylus support.","Tablets | iPad & Android Tablets","Shop tablets. iPads, Samsung Galaxy Tab, Surface. All sizes and capabilities.",TRUE
3,50101,Android Tablets,501,android-tablets,"Android tablets from Samsung, Lenovo, and more. Various sizes with stylus support and productivity features.","Android Tablets | Samsung Galaxy Tab","Shop Android tablets. Samsung, Lenovo. Entertainment and productivity.",TRUE
3,50102,iPads,501,ipads,"Apple iPad lineup including iPad Pro, iPad Air, iPad mini, and standard iPad. Apple Pencil support across models.","iPads | iPad Pro, Air & Mini","Shop iPads. iPad Pro, Air, mini. Apple Pencil support, M-series chips.",TRUE
3,50103,Windows Tablets,501,windows-tablets,"Windows tablets and detachables running full Windows OS. Surface Pro and alternatives for laptop replacement.","Windows Tablets | Surface Pro","Shop Windows tablets. Surface Pro, alternatives. Full Windows productivity.",TRUE
3,50104,Kids Tablets,501,kids-tablets,"Durable tablets designed for children with parental controls, educational content, and kid-proof cases.","Kids Tablets | Child-Friendly Tablets","Shop kids tablets. Parental controls, educational apps. Durable, kid-proof design.",TRUE
2,502,E-Readers,5,e-readers,"E-ink e-readers for comfortable long-form reading. Kindle, Kobo, and note-taking devices with paper-like displays.","E-Readers | Kindle & E-Ink Devices","Shop e-readers. Kindle, Kobo. E-ink displays, weeks of battery life.",TRUE
3,50201,E-Ink Readers,502,e-ink-readers,"Dedicated e-readers with E Ink displays. Glare-free reading with weeks of battery life. Built-in light for any environment.","E-Ink Readers | Kindle & Kobo","Shop e-ink readers. Glare-free, long battery. Comfortable reading experience.",TRUE
3,50202,Note-Taking E-Readers,502,note-taking-e-readers,"Large-screen e-readers with stylus for digital note-taking. Replace paper notebooks with E Ink writing tablets.","Note-Taking E-Readers | Digital Notebooks","Shop note-taking e-readers. Stylus input, large screens. Digital paper experience.",TRUE
2,503,Tablet Accessories,5,tablet-accessories,"Tablet keyboards, styluses, docks, and protective accessories. Maximize your tablet's productivity potential.","Tablet Accessories | Keyboards & Stylus","Shop tablet accessories. Keyboards, stylus pens, docks. Enhance productivity.",TRUE
3,50301,Tablet Keyboards,503,tablet-keyboards,"Wireless and detachable keyboards for tablets. Transform your tablet into a laptop-like productivity machine.","Tablet Keyboards | Wireless Keyboards","Shop tablet keyboards. Bluetooth, magnetic attach. Laptop-like typing.",TRUE
3,50302,Stylus Pens,503,stylus-pens,"Active stylus pens for tablets with pressure sensitivity and palm rejection. Drawing, note-taking, and precision input.","Stylus Pens | Active Stylus","Shop stylus pens. Pressure sensitive, palm rejection. Drawing and note-taking.",TRUE
3,50303,Tablet Docks,503,tablet-docks,"Docking stations for tablets with USB, HDMI, and power delivery. Desktop-mode connectivity expansion.","Tablet Docks | USB-C Docking Stations","Shop tablet docks. USB, HDMI expansion. Desktop mode connectivity.",TRUE
1,6,Audio Sound & Music Equipment,,audio-sound-music-equipment,"Premium audio equipment for personal listening, home entertainment, and professional production. Headphones, speakers, and studio gear.","Audio Equipment | Headphones & Speakers","Shop audio equipment. Headphones, speakers, studio gear. Premium sound quality.",TRUE
2,601,Personal Audio,6,personal-audio,"Headphones and earphones for personal listening. Over-ear, on-ear, in-ear, and noise-canceling options.","Headphones | Personal Audio Devices","Shop headphones. Over-ear, on-ear, in-ear. Noise-canceling, wireless.",TRUE
3,60101,Over-Ear Headphones,601,over-ear-headphones,"Full-size over-ear headphones with superior sound quality and comfort. Wireless and wired options available.","Over-Ear Headphones | Full-Size Headphones","Shop over-ear headphones. Superior sound, comfortable fit. Wireless and wired.",TRUE
3,60102,On-Ear Headphones,601,on-ear-headphones,"Compact on-ear headphones balancing portability and sound quality. Lightweight design for extended wear.","On-Ear Headphones | Portable Headphones","Shop on-ear headphones. Compact, portable. Quality sound, lightweight.",TRUE
3,60103,In-Ear Monitors,601,in-ear-monitors,"Professional-grade in-ear monitors with balanced armature or dynamic drivers. Stage and studio reference quality.","In-Ear Monitors | IEMs","Shop in-ear monitors. Professional IEMs. Balanced armature, studio quality.",TRUE
3,60104,Noise-Canceling Headphones,601,noise-canceling-headphones,"Active noise-canceling headphones blocking ambient sound. Perfect for travel, focus, and immersive listening.","Noise-Canceling Headphones | ANC","Shop noise-canceling headphones. ANC technology. Block distractions, immersive sound.",TRUE
2,602,Speakers,6,speakers,"Bluetooth speakers, smart speakers, portable PA systems, and studio monitors for every audio need.","Speakers | Bluetooth & Smart Speakers","Shop speakers. Bluetooth, smart, studio monitors. Home and portable audio.",TRUE
3,60201,Bluetooth Speakers,602,bluetooth-speakers,"Portable Bluetooth speakers with wireless connectivity. Waterproof options for outdoor use. All sizes and power levels.","Bluetooth Speakers | Portable Wireless","Shop Bluetooth speakers. Portable, waterproof. Wireless audio anywhere.",TRUE
3,60202,Smart Speakers,602,smart-speakers,"Voice-controlled smart speakers with built-in assistants. Alexa, Google Assistant, and Siri enabled devices.","Smart Speakers | Alexa & Google Home","Shop smart speakers. Alexa, Google Assistant. Voice control, smart home hub.",TRUE
3,60203,Portable PA Systems,602,portable-pa-systems,"Portable PA speakers for events, presentations, and outdoor activities. Battery-powered with microphone inputs.","Portable PA Systems | Event Speakers","Shop portable PA systems. Events, presentations. Battery-powered, microphone inputs.",TRUE
3,60204,Studio Monitors,602,studio-monitors,"Professional studio monitor speakers for accurate audio mixing and mastering. Flat frequency response for production.","Studio Monitors | Reference Speakers","Shop studio monitors. Flat response, professional. Audio mixing and mastering.",TRUE
2,603,Professional Audio,6,professional-audio,"Studio-grade audio equipment for recording, podcasting, and music production. Microphones, interfaces, and mixers.","Professional Audio | Studio Equipment","Shop professional audio. Microphones, interfaces, mixers. Recording and production.",TRUE
3,60301,Condenser Microphones,603,condenser-microphones,"Studio condenser microphones for vocals, instruments, and broadcast. Large and small diaphragm options.","Condenser Microphones | Studio Mics","Shop condenser microphones. Large diaphragm, small diaphragm. Studio recording.",TRUE
3,60302,Dynamic Microphones,603,dynamic-microphones,"Durable dynamic microphones for live performance, broadcasting, and recording. Industry-standard vocal and instrument mics.","Dynamic Microphones | Live & Studio Mics","Shop dynamic microphones. Live performance, recording. Durable, professional sound.",TRUE
3,60303,Audio Interfaces,603,audio-interfaces,"USB and Thunderbolt audio interfaces for recording. Convert analog audio to digital with professional quality.","Audio Interfaces | Recording Interfaces","Shop audio interfaces. USB, Thunderbolt. Professional recording quality.",TRUE
3,60304,Mixers,603,mixers,"Analog and digital audio mixers for live sound and studio production. From compact to professional console formats.","Audio Mixers | Mixing Consoles","Shop audio mixers. Analog, digital. Live sound and studio production.",TRUE
3,60305,Studio Headphones,603,studio-headphones,"Reference headphones for studio monitoring and mixing. Accurate sound reproduction for professional production.","Studio Headphones | Reference Headphones","Shop studio headphones. Reference quality. Mixing and monitoring accuracy.",TRUE
1,7,TVs Video & Home Entertainment,,tvs-video-home-entertainment,"Televisions, projectors, and home theater equipment for immersive entertainment. From budget TVs to premium OLED displays.","TVs & Home Theater | Smart TVs & Projectors","Shop TVs and home theater. Smart TVs, soundbars, projectors. Premium entertainment.",TRUE
2,701,Televisions,7,televisions,"Smart TVs in all sizes and technologies. LED, QLED, OLED in 4K and 8K resolutions from top brands.","Smart TVs | 4K & OLED Televisions","Shop smart TVs. LED, QLED, OLED. 4K, 8K resolution. All sizes available.",TRUE
3,70101,LED TVs,701,led-tvs,"LED-backlit LCD televisions offering excellent value. Smart features with streaming app support.","LED TVs | Smart LED Televisions","Shop LED TVs. Great value, smart features. Streaming apps built-in.",TRUE
3,70102,QLED TVs,701,qled-tvs,"Quantum dot QLED TVs with enhanced color and brightness. Superior picture quality in bright rooms.","QLED TVs | Quantum Dot Televisions","Shop QLED TVs. Quantum dot technology. Vibrant colors, bright picture.",TRUE
3,70103,OLED TVs,701,oled-tvs,"Premium OLED TVs with perfect blacks and infinite contrast. Self-emissive pixels for unmatched picture quality.","OLED TVs | Premium OLED Televisions","Shop OLED TVs. Perfect blacks, infinite contrast. Premium viewing experience.",TRUE
3,70104,4K TVs,701,4k-tvs,"4K Ultra HD televisions with four times the resolution of Full HD. Sharp detail on any screen size.","4K TVs | Ultra HD Televisions","Shop 4K TVs. Ultra HD resolution. Sharp, detailed picture quality.",TRUE
3,70105,8K TVs,701,8k-tvs,"Future-proof 8K TVs with the highest resolution available. AI upscaling for stunning picture quality.","8K TVs | 8K Resolution Televisions","Shop 8K TVs. Highest resolution available. AI upscaling, future-proof.",TRUE
2,702,Video Devices,7,video-devices,"Projectors, streaming devices, and TV tuners for flexible viewing options. Home cinema and cord-cutting solutions.","Projectors & Streaming | Video Devices","Shop projectors and streaming devices. Home cinema, streaming boxes.",TRUE
3,70201,Projectors,702,projectors,"Home theater and portable projectors. 4K, laser, LED, and short-throw options for any space.","Projectors | Home Theater Projectors","Shop projectors. 4K, laser, short-throw. Home cinema experience.",TRUE
3,70202,Streaming Boxes,702,streaming-boxes,"Streaming media players and sticks. Access Netflix, Disney+, and all major streaming services on any TV.","Streaming Boxes | Media Players","Shop streaming boxes. Fire TV, Roku, Apple TV. All streaming services.",TRUE
3,70203,TV Tuners,702,tv-tuners,"Digital TV tuners and antennas for free over-the-air broadcast reception. External USB and network tuners.","TV Tuners | Digital Antennas","Shop TV tuners. Over-the-air TV reception. Cut the cord, free channels.",TRUE
2,703,Home Theater,7,home-theater,"Complete home theater audio solutions. Soundbars, AV receivers, subwoofers, and surround speaker systems.","Home Theater | Soundbars & Speakers","Shop home theater. Soundbars, surround sound. Immersive audio experience.",TRUE
3,70301,Soundbars,703,soundbars,"All-in-one soundbars and soundbar systems with subwoofers. Dolby Atmos and DTS:X support for immersive audio.","Soundbars | TV Speakers","Shop soundbars. Dolby Atmos, with subwoofer. Upgrade your TV audio.",TRUE
3,70302,AV Receivers,703,av-receivers,"Home theater AV receivers for multi-channel audio processing. Connect all your sources with surround sound support.","AV Receivers | Home Theater Receivers","Shop AV receivers. Surround sound processing. Multi-channel home theater.",TRUE
3,70303,Subwoofers,703,subwoofers,"Powered subwoofers adding deep bass to any audio system. Various sizes and power levels for any room.","Subwoofers | Bass Speakers","Shop subwoofers. Powered, deep bass. Enhance any audio system.",TRUE
3,70304,Home Theater Speaker Systems,703,home-theater-speaker-systems,"Complete 5.1, 7.1, and Dolby Atmos speaker systems for full surround sound. Floor-standing and bookshelf options.","Home Theater Speakers | Surround Systems","Shop home theater speakers. 5.1, 7.1, Dolby Atmos. Complete surround systems.",TRUE
1,8,Gaming & Esports,,gaming-esports,"Gaming consoles, gaming PCs, and accessories for casual and competitive gamers. Everything for your gaming setup.","Gaming | Consoles, PCs & Accessories","Shop gaming. Consoles, gaming PCs, peripherals. Complete your gaming setup.",TRUE
2,801,Gaming Consoles,8,gaming-consoles,"Home and handheld gaming consoles. PlayStation, Xbox, Nintendo, and portable gaming devices.","Gaming Consoles | PlayStation, Xbox, Nintendo","Shop gaming consoles. PlayStation, Xbox, Nintendo Switch. Home and portable.",TRUE
3,80101,Home Gaming Consoles,801,home-gaming-consoles,"Home gaming consoles including PlayStation 5, Xbox Series X|S, and Nintendo Switch for TV gaming.","Home Consoles | PS5, Xbox Series X","Shop home consoles. PlayStation 5, Xbox Series X. Next-gen gaming.",TRUE
3,80102,Handheld Gaming Consoles,801,handheld-gaming-consoles,"Portable gaming devices including Nintendo Switch Lite, Steam Deck, and dedicated handheld consoles.","Handheld Consoles | Portable Gaming","Shop handheld consoles. Steam Deck, Switch Lite. Gaming on the go.",TRUE
2,802,Gaming PCs & Laptops,8,gaming-pcs-laptops,"Prebuilt gaming desktops and custom gaming PC builds. High-performance systems for competitive and casual gaming.","Gaming PCs | Prebuilt & Custom","Shop gaming PCs. Prebuilt, custom builds. High-performance gaming systems.",TRUE
3,80201,Prebuilt Gaming PCs,802,prebuilt-gaming-pcs,"Ready-to-play prebuilt gaming PCs with latest GPUs and processors. Professionally built and tested systems.","Prebuilt Gaming PCs | Ready to Game","Shop prebuilt gaming PCs. Latest GPUs, ready to play. Tested and optimized.",TRUE
3,80202,Custom Gaming PCs,802,custom-gaming-pcs,"Custom-configured gaming PCs built to your specifications. Choose your components for the perfect gaming machine.","Custom Gaming PCs | Build Your Dream PC","Shop custom gaming PCs. Configure your build. Perfect specs for your games.",TRUE
2,803,Gaming Accessories,8,gaming-accessories,"Gaming peripherals including keyboards, mice, headsets, controllers, and VR equipment for enhanced gaming.","Gaming Accessories | Keyboards, Mice, Headsets","Shop gaming accessories. RGB peripherals, pro controllers. Level up your setup.",TRUE
3,80301,Gaming Keyboards,803,gaming-keyboards,"Mechanical and membrane gaming keyboards with RGB lighting, macro keys, and fast actuation for competitive play.","Gaming Keyboards | Mechanical RGB","Shop gaming keyboards. Mechanical switches, RGB. Fast, responsive gaming input.",TRUE
3,80302,Gaming Mice,803,gaming-mice,"High-precision gaming mice with adjustable DPI, programmable buttons, and ergonomic designs for marathon sessions.","Gaming Mice | High DPI Gaming","Shop gaming mice. High DPI, programmable. Precision control for gaming.",TRUE
3,80303,Gaming Headsets,803,gaming-headsets,"Immersive gaming headsets with surround sound, noise-canceling microphones, and comfortable padding for extended play.","Gaming Headsets | Surround Sound","Shop gaming headsets. 7.1 surround, clear mic. Comfortable, immersive audio.",TRUE
3,80304,Controllers,803,controllers-gamepads,"Game controllers and gamepads for PC and console gaming. First-party and premium third-party options.","Controllers | Gamepads","Shop controllers. Xbox, PlayStation, third-party. PC and console compatible.",TRUE
3,80305,VR Headsets,803,vr-headsets,"Virtual reality headsets for immersive gaming and experiences. Standalone and PC-tethered VR systems.","VR Headsets | Virtual Reality","Shop VR headsets. Standalone, PC VR. Immersive virtual reality gaming.",TRUE
3,80306,Racing Simulators,803,racing-simulators,"Racing wheels, pedals, and cockpits for simulation racing. Force feedback for realistic driving experiences.","Racing Simulators | Wheels & Cockpits","Shop racing simulators. Wheels, pedals, cockpits. Realistic force feedback.",TRUE
1,9,Cameras Drones & Imaging,,cameras-drones-imaging,"Digital cameras, drones, and imaging accessories for photography and videography. From hobbyist to professional gear.","Cameras & Drones | Photography Equipment","Shop cameras and drones. DSLRs, mirrorless, action cams. Capture your world.",TRUE
2,901,Cameras,9,cameras,"Digital cameras for photography and video. DSLRs, mirrorless, compact, and action cameras from leading brands.","Digital Cameras | DSLR & Mirrorless","Shop digital cameras. DSLR, mirrorless, compact. All skill levels and budgets.",TRUE
3,90101,DSLR Cameras,901,dslr-cameras,"Professional DSLR cameras with optical viewfinders and extensive lens ecosystems. Reliable choice for serious photographers.","DSLR Cameras | Digital SLR","Shop DSLR cameras. Professional photography. Extensive lens selection.",TRUE
3,90102,Mirrorless Cameras,901,mirrorless-cameras,"Compact mirrorless cameras with electronic viewfinders. Latest technology in a smaller body with pro features.","Mirrorless Cameras | Compact System","Shop mirrorless cameras. Compact, powerful. Latest sensor technology.",TRUE
3,90103,Compact Cameras,901,compact-cameras,"Point-and-shoot compact cameras with fixed lenses. Easy to use with quality results for everyday photography.","Compact Cameras | Point and Shoot","Shop compact cameras. Easy to use, quality results. Pocket-sized photography.",TRUE
3,90104,Action Cameras,901,action-cameras,"Rugged action cameras for extreme sports and adventures. Waterproof with stabilization for smooth action footage.","Action Cameras | GoPro & Alternatives","Shop action cameras. Waterproof, stabilized. Capture your adventures.",TRUE
2,902,Camera Accessories,9,camera-accessories,"Essential camera accessories including lenses, flashes, tripods, gimbals, and rigging equipment.","Camera Accessories | Lenses & Tripods","Shop camera accessories. Lenses, tripods, flashes. Enhance your photography.",TRUE
3,90201,Camera Lenses,902,camera-lenses,"Interchangeable camera lenses for DSLR and mirrorless systems. Prime and zoom lenses for every focal length.","Camera Lenses | Prime & Zoom","Shop camera lenses. Prime, zoom, wide, telephoto. All mounts available.",TRUE
3,90202,Camera Flashes,902,camera-flashes,"External camera flashes and strobes for better lighting control. TTL and manual speedlights for any situation.","Camera Flashes | Speedlights","Shop camera flashes. TTL speedlights, studio strobes. Control your lighting.",TRUE
3,90203,Tripods,902,tripods,"Camera tripods and monopods for stable shooting. Travel tripods, professional legs, and video fluid heads.","Tripods | Camera Supports","Shop tripods. Travel, professional, video. Stable shots every time.",TRUE
3,90204,Gimbals & Stabilizers,902,gimbals-stabilizers,"Motorized gimbals for smooth video with cameras and smartphones. 3-axis stabilization for professional results.","Gimbals | Camera Stabilizers","Shop gimbals. 3-axis stabilization. Smooth video, professional results.",TRUE
3,90205,Camera Cages & Rigging,902,camera-cages-rigging,"Professional camera cages, rigging, and mounting solutions. Build custom video rigs for filmmaking.","Camera Cages | Video Rigging","Shop camera cages. Custom rigs, mounting. Professional video production.",TRUE
2,903,Drones,9,drones,"Consumer and professional drones for aerial photography, FPV racing, and recreational flying.","Drones | Aerial Photography","Shop drones. Camera drones, FPV racing. Aerial photography and video.",TRUE
3,90301,Camera Drones,903,camera-drones,"Camera drones for aerial photography and videography. 4K video, obstacle avoidance, and intelligent flight modes.","Camera Drones | Aerial Photography","Shop camera drones. 4K aerial video. Smart features, obstacle avoidance.",TRUE
3,90302,FPV Drones,903,fpv-drones,"First-person view racing and freestyle drones. High-speed flying with immersive goggle experience.","FPV Drones | Racing Drones","Shop FPV drones. Racing, freestyle. Immersive first-person flying.",TRUE
3,90303,Drone Accessories,903,drone-accessories,"Drone accessories including batteries, propellers, carrying cases, and ND filters for aerial photography.","Drone Accessories | Batteries & Parts","Shop drone accessories. Batteries, props, cases. Extend your flight time.",TRUE
1,10,Networking & Communication Equipment,,networking-communication-equipment,"Network infrastructure and connectivity solutions. Routers, switches, mesh systems, and cabling for home and business.","Networking Equipment | Routers & Switches","Shop networking. Routers, mesh WiFi, switches. Fast, reliable connectivity.",TRUE
2,1001,Networking Devices,10,networking-devices,"Core networking hardware including routers, modems, mesh WiFi systems, and network switches.","Network Devices | Routers & Mesh WiFi","Shop network devices. WiFi 6 routers, mesh systems. Fast home networking.",TRUE
3,100101,Routers,1001,routers,"WiFi routers from basic to high-performance tri-band models. WiFi 6 and WiFi 6E for fastest wireless speeds.","WiFi Routers | Wireless Routers","Shop WiFi routers. WiFi 6, WiFi 6E. Fast, reliable wireless networking.",TRUE
3,100102,Modems,1001,modems,"Cable and DSL modems for internet connectivity. DOCSIS 3.1 cable modems for gigabit speeds.","Modems | Cable & DSL","Shop modems. DOCSIS 3.1 cable. Fast internet connection.",TRUE
3,100103,Mesh WiFi Systems,1001,mesh-wifi-systems,"Whole-home mesh WiFi systems eliminating dead zones. Seamless roaming throughout your entire home.","Mesh WiFi | Whole Home WiFi","Shop mesh WiFi. Whole-home coverage. No dead zones, seamless roaming.",TRUE
3,100104,Network Switches,1001,network-switches,"Managed and unmanaged network switches for expanding wired connections. Gigabit and multi-gig options.","Network Switches | Ethernet Switches","Shop network switches. Managed, unmanaged. Gigabit, 2.5G, 10G options.",TRUE
2,1002,Network Accessories,10,network-accessories,"Network cabling, connectors, and infrastructure accessories. Ethernet cables, fiber, and rack mounting solutions.","Network Accessories | Cables & Racks","Shop network accessories. Ethernet cables, racks. Infrastructure essentials.",TRUE
3,100201,Ethernet Cables,1002,ethernet-cables,"Cat5e, Cat6, Cat6a, and Cat8 Ethernet cables in various lengths. Patch cables and bulk spools available.","Ethernet Cables | Cat6 & Cat8","Shop Ethernet cables. Cat5e to Cat8. All lengths, bulk options.",TRUE
3,100202,Fiber Optic Cables,1002,fiber-optic-cables,"Single-mode and multi-mode fiber optic cables and patch cords. High-speed data transmission for demanding applications.","Fiber Optic Cables | Network Fiber","Shop fiber cables. Single-mode, multi-mode. High-speed data transmission.",TRUE
3,100203,Network Racks,1002,network-racks,"Server racks, wall-mount cabinets, and open-frame racks. Professional installation for network equipment.","Network Racks | Server Cabinets","Shop network racks. Server cabinets, wall mounts. Professional organization.",TRUE
1,11,Smart Home & IoT,,smart-home-iot,"Smart home devices and IoT solutions for automated living. Lighting, security, climate control, and home automation.","Smart Home | IoT Devices","Shop smart home. Smart lights, security, automation. Connected living.",TRUE
2,1101,Smart Living,11,smart-living,"Smart lighting and power control devices for convenient home automation. Voice-controlled and app-managed.","Smart Lighting | Smart Plugs","Shop smart lighting. Smart bulbs, plugs, switches. Voice and app control.",TRUE
3,110101,Smart Bulbs,1101,smart-bulbs,"WiFi and Zigbee smart bulbs with color changing and dimming. Voice control with Alexa, Google, and HomeKit.","Smart Bulbs | WiFi LED Bulbs","Shop smart bulbs. Color changing, dimmable. Voice control compatible.",TRUE
3,110102,Smart Plugs,1101,smart-plugs,"WiFi smart plugs for controlling any device remotely. Energy monitoring and scheduling features.","Smart Plugs | WiFi Outlets","Shop smart plugs. Remote control, energy monitoring. Automate any device.",TRUE
3,110103,Smart Switches,1101,smart-switches,"In-wall smart switches replacing traditional light switches. No hub required options with dimming support.","Smart Switches | WiFi Light Switches","Shop smart switches. In-wall installation. Dimming, scheduling, voice control.",TRUE
2,1102,Smart Security,11,smart-security,"Smart security devices including cameras, door locks, and video doorbells for home protection.","Smart Security | Cameras & Locks","Shop smart security. Cameras, locks, doorbells. Protect your home.",TRUE
3,110201,Smart Cameras,1102,smart-cameras,"Indoor and outdoor smart security cameras with motion detection, night vision, and cloud recording.","Smart Cameras | Security Cameras","Shop smart cameras. Indoor, outdoor. Motion detection, night vision.",TRUE
3,110202,Smart Locks,1102,smart-locks,"Keyless smart door locks with fingerprint, PIN, and app access. Integration with smart home systems.","Smart Locks | Keyless Entry","Shop smart locks. Fingerprint, PIN, app unlock. Keyless convenience.",TRUE
3,110203,Video Doorbells,1102,video-doorbells,"Smart video doorbells with HD cameras, two-way audio, and motion alerts. See who's at your door anywhere.","Video Doorbells | Smart Doorbells","Shop video doorbells. HD video, two-way talk. See visitors from anywhere.",TRUE
2,1103,Home Automation,11,home-automation,"Smart home hubs and sensors for comprehensive home automation. Create routines and automate your entire home.","Home Automation | Smart Hubs","Shop home automation. Hubs, sensors. Automate your entire home.",TRUE
3,110301,Smart Hubs,1103,smart-hubs,"Central smart home hubs connecting all your devices. Zigbee, Z-Wave, and Thread protocol support.","Smart Hubs | Home Controllers","Shop smart hubs. Zigbee, Z-Wave, Thread. Central home control.",TRUE
3,110302,Motion Sensors,1103,motion-sensors,"Wireless motion sensors for security and automation triggers. Battery-powered with long life.","Motion Sensors | Smart Sensors","Shop motion sensors. Security, automation triggers. Wireless, long battery.",TRUE
3,110303,Environmental Sensors,1103,environmental-sensors,"Temperature, humidity, and air quality sensors for smart home monitoring. Automated climate control triggers.","Environmental Sensors | Climate Sensors","Shop environmental sensors. Temperature, humidity, air quality. Smart monitoring.",TRUE
1,12,Wearable Technology,,wearable-technology,"Smartwatches, fitness trackers, and health monitoring wearables. Track fitness, receive notifications, and monitor health.","Wearables | Smartwatches & Fitness","Shop wearables. Smartwatches, fitness trackers. Health and fitness monitoring.",TRUE
2,1201,Wearables,12,wearables-devices,"Smartwatches and fitness tracking devices for health monitoring, notifications, and activity tracking.","Smartwatches | Fitness Trackers","Shop smartwatches. Fitness tracking, notifications. Health monitoring wearables.",TRUE
3,120101,Smartwatches,1201,smartwatches,"Feature-rich smartwatches with apps, notifications, and health tracking. Apple Watch, Galaxy Watch, and more.","Smartwatches | Apple Watch, Galaxy Watch","Shop smartwatches. Apple Watch, Galaxy Watch. Apps, notifications, health.",TRUE
3,120102,Fitness Trackers,1201,fitness-trackers,"Dedicated fitness bands for activity tracking, heart rate monitoring, and sleep analysis. Lightweight all-day wear.","Fitness Trackers | Activity Bands","Shop fitness trackers. Activity tracking, heart rate. Lightweight, all-day wear.",TRUE
3,120103,Health Monitoring Devices,1201,health-monitoring-devices,"Advanced health wearables with ECG, blood oxygen, and stress monitoring. Medical-grade health insights.","Health Monitors | ECG & SpO2 Wearables","Shop health monitors. ECG, blood oxygen, stress. Advanced health tracking.",TRUE
2,1202,Wearable Accessories,12,wearable-accessories,"Replacement bands, charging accessories, and protective cases for smartwatches and fitness trackers.","Wearable Accessories | Watch Bands","Shop wearable accessories. Watch bands, chargers, cases. Personalize your wearable.",TRUE
3,120201,Watch Bands,1202,watch-bands,"Replacement and fashion bands for smartwatches. Silicone, leather, metal, and fabric options.","Watch Bands | Replacement Straps","Shop watch bands. Silicone, leather, metal. Personalize your smartwatch.",TRUE
3,120202,Charging Cradles,1202,charging-cradles-wearables,"Charging docks and cradles for smartwatches and fitness trackers. Bedside and travel charging solutions.","Charging Cradles | Watch Chargers","Shop charging cradles. Watch charging docks. Bedside and travel chargers.",TRUE
1,13,Power Energy & Electrical Systems,,power-energy-electrical-systems,"Power backup, renewable energy, and battery solutions. UPS systems, solar panels, and energy storage.","Power & Energy | UPS & Solar","Shop power solutions. UPS backup, solar panels, batteries. Reliable power.",TRUE
2,1301,Power Backup,13,power-backup,"Uninterruptible power supplies and inverters for continuous power during outages. Protect equipment and stay connected.","UPS Systems | Power Backup","Shop UPS systems. Power backup, surge protection. Stay powered during outages.",TRUE
3,130101,UPS Systems,1301,ups-systems,"UPS battery backup systems for computers, networking, and sensitive equipment. Various VA ratings and runtimes.","UPS Systems | Battery Backup","Shop UPS systems. Battery backup, surge protection. All VA ratings available.",TRUE
3,130102,Inverters,1301,inverters,"Power inverters converting DC to AC power. Pure sine wave and modified sine wave for various applications.","Power Inverters | DC to AC","Shop inverters. Pure sine wave, modified. DC to AC power conversion.",TRUE
2,1302,Renewable Energy,13,renewable-energy,"Solar panels, solar inverters, and charge controllers for renewable energy systems. Off-grid and grid-tied solutions.","Solar Energy | Panels & Inverters","Shop solar energy. Solar panels, inverters. Renewable power solutions.",TRUE
3,130201,Solar Panels,1302,solar-panels,"Monocrystalline and polycrystalline solar panels for home and portable use. Various wattages for any project.","Solar Panels | PV Panels","Shop solar panels. Monocrystalline, polycrystalline. Home and portable options.",TRUE
3,130202,Solar Inverters,1302,solar-inverters,"Grid-tied and hybrid solar inverters for solar power systems. Convert DC solar power to usable AC electricity.","Solar Inverters | PV Inverters","Shop solar inverters. Grid-tied, hybrid, off-grid. Solar power conversion.",TRUE
3,130203,Charge Controllers,1302,charge-controllers,"MPPT and PWM solar charge controllers for battery charging. Maximize solar panel efficiency and battery life.","Charge Controllers | Solar Controllers","Shop charge controllers. MPPT, PWM. Optimize solar battery charging.",TRUE
2,1303,Batteries,13,batteries,"Rechargeable batteries for various applications. Lithium, lead-acid, and specialty batteries for power storage.","Batteries | Rechargeable Power","Shop batteries. Lithium, lead-acid. Rechargeable power storage.",TRUE
3,130301,Lithium Batteries,1303,lithium-batteries,"Lithium-ion and LiFePO4 batteries for solar, RV, and backup power. High energy density and long cycle life.","Lithium Batteries | LiFePO4","Shop lithium batteries. Li-ion, LiFePO4. Solar and backup power storage.",TRUE
3,130302,Lead-Acid Batteries,1303,lead-acid-batteries,"Deep cycle lead-acid and AGM batteries for UPS, solar, and automotive applications. Reliable energy storage.","Lead-Acid Batteries | AGM Deep Cycle","Shop lead-acid batteries. Deep cycle, AGM. UPS and solar storage.",TRUE
1,14,Office Electronics & Equipment,,office-electronics-equipment,"Office technology including printers, scanners, shredders, and point-of-sale systems. Equip your business.","Office Electronics | Printers & Equipment","Shop office electronics. Printers, scanners, shredders. Business essentials.",TRUE
2,1401,Printing & Imaging,14,printing-imaging,"Printers and scanners for home and office. Inkjet, laser, and multifunction devices for every printing need.","Printers & Scanners | Office Printing","Shop printers and scanners. Inkjet, laser. Home and office printing.",TRUE
3,140101,Inkjet Printers,1401,inkjet-printers,"Inkjet printers for photos and documents. Tank systems and cartridge-based options for various print volumes.","Inkjet Printers | Photo Printers","Shop inkjet printers. Photo quality, tank systems. Home and office printing.",TRUE
3,140102,Laser Printers,1401,laser-printers,"Fast laser printers for high-volume office printing. Monochrome and color options with low cost per page.","Laser Printers | Office Printers","Shop laser printers. Fast, efficient. High-volume office printing.",TRUE
3,140103,Scanners,1401,scanners,"Flatbed, document, and portable scanners for digitizing documents and photos. OCR and cloud integration.","Scanners | Document Scanners","Shop scanners. Flatbed, document feed. Digitize and organize.",TRUE
2,1402,Office Devices,14,office-devices,"Essential office equipment including shredders, laminators, and point-of-sale systems.","Office Devices | Business Equipment","Shop office devices. Shredders, laminators, POS. Business essentials.",TRUE
3,140201,Shredders,1402,shredders,"Paper shredders for secure document destruction. Cross-cut and micro-cut options for various security levels.","Paper Shredders | Document Destruction","Shop shredders. Cross-cut, micro-cut. Secure document disposal.",TRUE
3,140202,Laminators,1402,laminators,"Document laminators for protecting and preserving important papers. Pouch and roll laminators available.","Laminators | Document Protection","Shop laminators. Protect documents, photos. Pouch and roll options.",TRUE
3,140203,POS Systems,1402,pos-systems,"Point-of-sale systems for retail and hospitality. Complete solutions with hardware and software integration.","POS Systems | Point of Sale","Shop POS systems. Retail, hospitality. Complete point of sale solutions.",TRUE
1,15,Home Appliances Electronics-Driven,,home-appliances-electronics-driven,"Electronics-powered home appliances for kitchen and climate control. Smart and connected home solutions.","Home Appliances | Kitchen & Climate","Shop home appliances. Kitchen electronics, air conditioners. Smart home living.",TRUE
2,1501,Kitchen Appliances,15,kitchen-appliances,"Electronic kitchen appliances for modern cooking. Microwaves, air fryers, blenders, and smart cooking devices.","Kitchen Appliances | Cooking Electronics","Shop kitchen appliances. Microwaves, air fryers. Modern cooking convenience.",TRUE
3,150101,Microwaves,1501,microwaves,"Countertop and over-the-range microwaves. Convection, inverter, and smart features for versatile cooking.","Microwaves | Microwave Ovens","Shop microwaves. Countertop, convection. Quick and convenient cooking.",TRUE
3,150102,Electric Ovens,1501,electric-ovens,"Countertop electric ovens and toaster ovens. Convection cooking with multiple functions in compact designs.","Electric Ovens | Toaster Ovens","Shop electric ovens. Countertop, convection. Versatile compact cooking.",TRUE
3,150103,Blenders,1501,blenders,"High-performance blenders for smoothies, soups, and food processing. Personal and full-size options.","Blenders | Smoothie Makers","Shop blenders. Smoothies, soups, processing. Personal and full-size.",TRUE
3,150104,Air Fryers,1501,air-fryers,"Air fryers for healthier cooking with less oil. Crispy results with rapid air circulation technology.","Air Fryers | Healthy Cooking","Shop air fryers. Less oil, crispy results. Healthy frying alternative.",TRUE
2,1502,Climate Control,15,climate-control,"Air conditioning, purification, and humidity control for comfortable indoor environments.","Climate Control | AC & Air Purifiers","Shop climate control. Air conditioners, purifiers. Comfortable indoor air.",TRUE
3,150201,Air Conditioners,1502,air-conditioners,"Window, portable, and split air conditioners for cooling any space. Energy-efficient models with smart controls.","Air Conditioners | Portable & Split AC","Shop air conditioners. Window, portable, split. Efficient cooling solutions.",TRUE
3,150202,Air Purifiers,1502,air-purifiers,"HEPA air purifiers removing allergens, dust, and pollutants. Clean air for healthier indoor environments.","Air Purifiers | HEPA Filters","Shop air purifiers. HEPA filtration. Remove allergens, improve air quality.",TRUE
3,150203,Humidifiers,1502,humidifiers,"Ultrasonic and evaporative humidifiers adding moisture to dry air. Relieve dryness and improve comfort.","Humidifiers | Moisture Control","Shop humidifiers. Ultrasonic, evaporative. Combat dry air, improve comfort.",TRUE
1,16,Security Surveillance & Access Control,,security-surveillance-access-control,"Professional security and surveillance systems. CCTV cameras, DVRs/NVRs, and access control solutions.","Security Systems | CCTV & Access Control","Shop security systems. CCTV, DVR/NVR, access control. Professional protection.",TRUE
2,1601,Surveillance,16,surveillance-systems,"Professional CCTV surveillance cameras and recording systems. Analog and IP solutions for any property.","CCTV Systems | Surveillance Cameras","Shop CCTV systems. Cameras, DVR/NVR. Professional surveillance solutions.",TRUE
3,160101,CCTV Cameras,1601,cctv-cameras,"Professional CCTV cameras including dome, bullet, PTZ, and covert options. HD and 4K resolution available.","CCTV Cameras | Security Cameras","Shop CCTV cameras. Dome, bullet, PTZ. HD and 4K surveillance.",TRUE
3,160102,DVRs & NVRs,1601,dvrs-nvrs,"Digital and network video recorders for CCTV systems. Local storage with remote viewing capabilities.","DVRs & NVRs | Video Recorders","Shop DVRs and NVRs. Record and store footage. Remote viewing enabled.",TRUE
2,1602,Access Control,16,access-control-systems,"Electronic access control systems for secure entry management. Biometric, RFID, and keypad solutions.","Access Control | Entry Systems","Shop access control. Biometric, RFID, keypad. Secure entry management.",TRUE
3,160201,Biometric Scanners,1602,biometric-scanners,"Fingerprint, facial recognition, and iris scanners for secure access control. Time and attendance integration.","Biometric Scanners | Fingerprint Readers","Shop biometric scanners. Fingerprint, facial recognition. Secure access control.",TRUE
3,160202,RFID Systems,1602,rfid-systems,"RFID card readers and access control systems. Proximity cards and key fobs for convenient entry.","RFID Systems | Card Access","Shop RFID systems. Card readers, key fobs. Convenient access control.",TRUE
1,17,Automotive Electronics,,automotive-electronics,"Car electronics and accessories for vehicles. Audio systems, dash cams, GPS, and safety devices.","Automotive Electronics | Car Tech","Shop car electronics. Stereos, dash cams, GPS. Upgrade your vehicle.",TRUE
2,1701,Car Electronics,17,car-electronics-main,"In-vehicle electronics including audio systems, dash cameras, and navigation devices.","Car Electronics | Audio & Safety","Shop car electronics. Stereos, dash cams. In-vehicle technology.",TRUE
3,170101,Car Stereos,1701,car-stereos,"Car audio head units with CarPlay, Android Auto, and Bluetooth. Single and double DIN installations.","Car Stereos | Head Units","Shop car stereos. CarPlay, Android Auto. Upgrade your car audio.",TRUE
3,170102,Dash Cams,1701,dash-cams,"Dashboard cameras for driving documentation and safety. Front, rear, and dual-channel recording options.","Dash Cams | Car DVRs","Shop dash cams. Front, rear, dual. Record your drives safely.",TRUE
3,170103,GPS Trackers,1701,gps-trackers,"Vehicle GPS trackers for fleet management and theft recovery. Real-time location tracking with mobile alerts.","GPS Trackers | Vehicle Tracking","Shop GPS trackers. Real-time tracking. Fleet management, theft recovery.",TRUE
2,1702,Vehicle Accessories,17,vehicle-accessories-electronics,"Electronic accessories for vehicles including chargers, parking sensors, and connectivity devices.","Vehicle Accessories | Car Chargers","Shop vehicle accessories. Car chargers, sensors. Vehicle electronics.",TRUE
3,170201,Car Chargers,1702,car-chargers,"USB car chargers for phones and devices. Fast charging and multi-port options for all passengers.","Car Chargers | USB Car Adapters","Shop car chargers. USB, fast charging. Power devices on the road.",TRUE
3,170202,Parking Sensors,1702,parking-sensors,"Ultrasonic parking sensors and backup cameras. Audio and visual alerts for safe parking assistance.","Parking Sensors | Backup Cameras","Shop parking sensors. Reverse cameras. Safe parking assistance.",TRUE
1,18,DIY Electronics Robotics & Education,,diy-electronics-robotics-education,"Maker electronics, development boards, components, and tools. Arduino, Raspberry Pi, and educational kits.","DIY Electronics | Arduino & Raspberry Pi","Shop DIY electronics. Arduino, Raspberry Pi, components. Learn and build.",TRUE
2,1801,Development Boards,18,development-boards,"Microcontroller and single-board computers for projects and learning. Arduino, Raspberry Pi, and alternatives.","Development Boards | Microcontrollers","Shop development boards. Arduino, Raspberry Pi. Start building projects.",TRUE
3,180101,Arduino Boards,1801,arduino-boards,"Official Arduino boards and compatible alternatives. Uno, Mega, Nano, and specialty boards for every project.","Arduino Boards | Arduino Compatible","Shop Arduino boards. Uno, Mega, Nano. Start your electronics projects.",TRUE
3,180102,Raspberry Pi Boards,1801,raspberry-pi-boards,"Raspberry Pi single-board computers for projects, servers, and learning. Pi 5, Pi 4, Pi Zero, and Pico.","Raspberry Pi | Single Board Computers","Shop Raspberry Pi. Pi 5, Pi 4, Zero. Powerful single-board computing.",TRUE
2,1802,Electronic Components,18,electronic-components,"Individual electronic components for building and repair. Sensors, ICs, relays, and microcontrollers.","Electronic Components | Parts & ICs","Shop electronic components. Sensors, ICs, relays. Build and repair.",TRUE
3,180201,Sensors,1802,sensors-components,"Electronic sensors for Arduino and Raspberry Pi projects. Temperature, motion, light, and environmental sensors.","Sensors | Arduino & Pi Sensors","Shop sensors. Temperature, motion, light. Project components.",TRUE
3,180202,Microcontrollers,1802,microcontrollers,"Bare microcontroller chips for custom embedded projects. ATmega, ESP32, STM32, and PIC controllers.","Microcontrollers | MCU Chips","Shop microcontrollers. ESP32, STM32, ATmega. Custom embedded projects.",TRUE
3,180203,Relays,1802,relays,"Mechanical and solid-state relays for switching and control. Various voltage and current ratings.","Relays | Switching Components","Shop relays. Mechanical, solid-state. Switching and control.",TRUE
3,180204,Integrated Circuits,1802,integrated-circuits,"ICs including amplifiers, logic gates, timers, and voltage regulators. Essential components for circuits.","Integrated Circuits | ICs","Shop ICs. Amplifiers, logic, timers. Circuit building blocks.",TRUE
2,1803,Electronics Tools,18,electronics-tools,"Professional tools for electronics work. Multimeters, oscilloscopes, soldering equipment, and test gear.","Electronics Tools | Test Equipment","Shop electronics tools. Multimeters, oscilloscopes, soldering. Professional equipment.",TRUE
3,180301,Multimeters,1803,multimeters,"Digital multimeters for voltage, current, and resistance measurement. Auto-ranging and true RMS options.","Multimeters | Digital Meters","Shop multimeters. Digital, auto-ranging. Measure voltage, current, resistance.",TRUE
3,180302,Oscilloscopes,1803,oscilloscopes,"Digital oscilloscopes for waveform analysis and debugging. Desktop and USB options for various budgets.","Oscilloscopes | Signal Analyzers","Shop oscilloscopes. Digital, USB. Waveform analysis and debugging.",TRUE
3,180303,Soldering Stations,1803,soldering-stations,"Temperature-controlled soldering stations for precise electronics work. Complete with tips and accessories.","Soldering Stations | Soldering Irons","Shop soldering stations. Temperature controlled. Precision soldering work.",TRUE
1,19,Software Licenses & Digital Goods,,software-licenses-digital-goods,"Digital products including software licenses, operating systems, and subscription keys. Instant delivery.","Software & Digital | Licenses & Keys","Shop software. Operating systems, office, antivirus. Digital license delivery.",TRUE
2,1901,Software,19,software-products,"Operating systems, productivity software, and security applications. Digital download with license keys.","Software | OS & Applications","Shop software. Windows, Office, antivirus. Digital downloads available.",TRUE
3,190101,Operating Systems,1901,operating-systems,"Windows, macOS, and Linux operating system licenses. Retail and OEM options for new builds and upgrades.","Operating Systems | Windows & Linux","Shop operating systems. Windows, Linux. OEM and retail licenses.",TRUE
3,190102,Office Software,1901,office-software,"Productivity software including Microsoft 365, standalone Office, and alternatives. Subscription and perpetual licenses.","Office Software | Microsoft 365","Shop office software. Microsoft 365, Office. Productivity applications.",TRUE
3,190103,Antivirus Software,1901,antivirus-software,"Security software for protection against viruses, malware, and online threats. Annual and multi-year subscriptions.","Antivirus Software | Security Suites","Shop antivirus software. Virus protection, security suites. Stay protected.",TRUE
2,1902,Digital Keys,19,digital-keys,"Digital product keys for games, subscriptions, and services. Instant email delivery.","Digital Keys | Game Keys","Shop digital keys. Game codes, subscriptions. Instant email delivery.",TRUE
3,190201,Game Keys,1902,game-keys,"PC game activation keys for Steam, Epic, Origin, and other platforms. Instant delivery of digital codes.","Game Keys | Steam & Epic Codes","Shop game keys. Steam, Epic, Origin. Instant digital delivery.",TRUE
3,190202,Subscription Licenses,1902,subscription-licenses,"Subscription service activation codes for streaming, storage, and productivity services.","Subscription Licenses | Service Codes","Shop subscription licenses. Streaming, cloud storage. Service activation codes.",TRUE
1,20,Refurbished Used & Clearance,,refurbished-used-clearance,"Quality refurbished electronics and clearance deals. Certified pre-owned devices with warranty at reduced prices.","Refurbished & Clearance | Used Electronics","Shop refurbished electronics. Certified devices, warranty included. Great savings.",TRUE
2,2001,Refurbished Electronics,20,refurbished-electronics,"Professionally refurbished electronics tested and restored to like-new condition. Warranty included.","Refurbished Electronics | Certified Pre-Owned","Shop refurbished. Phones, laptops, tablets. Tested, certified, warranty.",TRUE
3,200101,Refurbished Phones,2001,refurbished-phones-clearance,"Certified refurbished smartphones professionally tested and graded. Premium devices at affordable prices.","Refurbished Phones | Pre-Owned Smartphones","Shop refurbished phones. Certified, tested, warranty. Save on premium devices.",TRUE
3,200102,Refurbished Laptops,2001,refurbished-laptops-clearance,"Professionally refurbished laptops with new batteries and fresh installs. Business and consumer models.","Refurbished Laptops | Pre-Owned Notebooks","Shop refurbished laptops. New batteries, tested. Save on quality notebooks.",TRUE
3,200103,Refurbished Tablets,2001,refurbished-tablets-clearance,"Certified refurbished tablets including iPads and Android devices. Like-new condition with warranty.","Refurbished Tablets | Pre-Owned iPads","Shop refurbished tablets. iPads, Android. Tested, certified, warranty.",TRUE
2,2002,Clearance,20,clearance-electronics,"End-of-life and overstock electronics at deeply discounted prices. Limited quantities available.","Clearance Electronics | Overstock Deals","Shop clearance. End-of-life, overstock. Deep discounts, limited stock.",TRUE
3,200201,End-of-Life Products,2002,end-of-life-products,"Discontinued electronics at clearance prices. Previous generation products with full functionality.","End-of-Life Products | Discontinued Items","Shop end-of-life products. Discontinued, clearance. Full functionality, deep savings.",TRUE
3,200202,Overstock Electronics,2002,overstock-electronics,"Excess inventory electronics at reduced prices. Brand new products clearing at discount.","Overstock Electronics | Excess Inventory","Shop overstock. Brand new, reduced prices. Excess inventory clearance.",TRUE
