Product ID,Product Name,Category Slug,Product Type,Description,Price (USD),SKU,Weight (kg),Stock Quantity,Brand,Is Published,Is Featured,SEO Title,SEO Description
P001,Samsung Galaxy S24 Ultra 256GB,android-smartphones,Physical,"The ultimate Android smartphone featuring a 6.8-inch Dynamic AMOLED 2X display, 200MP camera system, S Pen included, Snapdragon 8 Gen 3 processor, and 5000mAh battery with 45W fast charging.",1299.99,SAM-S24U-256,0.233,50,Samsung,TRUE,TRUE,Samsung Galaxy S24 Ultra | Buy Now,Shop Samsung Galaxy S24 Ultra 256GB. 200MP camera S Pen Snapdragon 8 Gen 3.
P002,iPhone 15 Pro Max 256GB,iphones,Physical,"Apple's most advanced iPhone with A17 Pro chip, 6.7-inch Super Retina XDR display, 48MP main camera with 5x optical zoom, USB-C with USB 3 speeds, and aerospace-grade titanium design.",1199.00,APL-IP15PM-256,0.221,75,Apple,TRUE,TRUE,iPhone 15 Pro Max 256GB | Apple iPhone,Buy iPhone 15 Pro Max. A17 Pro chip titanium design 48MP camera system.
P003,Google Pixel 8 Pro 128GB,android-smartphones,Physical,"Google's AI-powered flagship with Tensor G3 chip, 6.7-inch LTPO OLED display, best-in-class computational photography, 7 years of OS updates, and advanced AI features.",999.00,GOO-PX8P-128,0.213,40,Google,TRUE,FALSE,Google Pixel 8 Pro | AI Smartphone,Shop Google Pixel 8 Pro. Tensor G3 7 years updates AI photography.
P004,Samsung Galaxy Z Fold 5 512GB,foldable-phones,Physical,"Revolutionary foldable smartphone with 7.6-inch main display, Flex Mode for hands-free video calls, Snapdragon 8 Gen 2, S Pen support, and IPX8 water resistance.",1799.99,SAM-ZF5-512,0.253,25,Samsung,TRUE,TRUE,Samsung Galaxy Z Fold 5 | Foldable Phone,Shop Galaxy Z Fold 5. 7.6-inch foldable display S Pen support.
P005,ASUS ROG Phone 8 Pro 512GB,gaming-phones,Physical,"Ultimate gaming smartphone with Snapdragon 8 Gen 3, 165Hz AMOLED display, AirTrigger 8 ultrasonic buttons, 6000mAh battery, and ROG GameCool 8 cooling system.",1099.99,ASU-ROG8P-512,0.225,30,ASUS,TRUE,FALSE,ASUS ROG Phone 8 Pro | Gaming Phone,Shop ROG Phone 8 Pro. 165Hz display AirTrigger gaming optimized.
P006,Nokia 110 4G Feature Phone,feature-phones,Physical,"Reliable feature phone with 4G connectivity, FM radio, MP3 player, 1.8-inch display, built-in torch, and up to 21 days standby battery life.",39.99,NOK-110-4G,0.080,200,Nokia,TRUE,FALSE,Nokia 110 4G | Feature Phone,Buy Nokia 110 4G. Long battery FM radio 4G connectivity.
P007,CAT S62 Pro Rugged Smartphone,rugged-phones,Physical,"Thermal imaging rugged smartphone with FLIR Lepton 3.5 sensor, MIL-SPEC 810H rating, IP68/69 waterproof, Snapdragon 660, and 4000mAh battery.",649.00,CAT-S62PRO,0.248,15,CAT,TRUE,FALSE,CAT S62 Pro | Thermal Imaging Rugged Phone,Shop CAT S62 Pro. FLIR thermal imaging military-grade rugged.
P008,Samsung Galaxy Z Flip 5 256GB,foldable-phones,Physical,"Compact foldable phone with 6.7-inch main display, 3.4-inch Flex Window cover screen, Snapdragon 8 Gen 2, FlexCam, and slim folding design.",999.99,SAM-ZF5-256,0.187,45,Samsung,TRUE,FALSE,Samsung Galaxy Z Flip 5 | Compact Foldable,Buy Galaxy Z Flip 5. Compact foldable Flex Window cover screen.
P009,BlackBerry KEY2 LE Business Phone,business-enterprise-phones,Physical,"Secure business smartphone with physical QWERTY keyboard, DTEK security platform, 4.5-inch display, dual cameras, and convenient Speed Key shortcut.",449.00,BB-KEY2LE,0.156,10,BlackBerry,TRUE,FALSE,BlackBerry KEY2 LE | Business Phone,Shop BlackBerry KEY2 LE. Physical keyboard DTEK security business.
P010,Spigen Tough Armor Case iPhone 15 Pro Max,rugged-cases,Physical,"Military-grade drop protection with Air Cushion technology, raised bezels for screen and camera protection, and built-in kickstand for hands-free viewing.",39.99,SPI-TA-IP15PM,0.085,200,Spigen,TRUE,FALSE,Spigen Tough Armor iPhone 15 Pro Max Case,Buy Spigen Tough Armor. Military-grade protection kickstand.
P011,Apple Leather Case iPhone 15 Pro,leather-cases,Physical,"Premium tanned European leather case with MagSafe built-in, develops natural patina over time, and provides elegant protection for your iPhone.",59.00,APL-LTHR-IP15P,0.025,150,Apple,TRUE,FALSE,Apple Leather Case iPhone 15 Pro,Shop Apple Leather Case. European leather MagSafe natural patina.
P012,OtterBox Defender Series Galaxy S24 Ultra,rugged-cases,Physical,"Multi-layer rugged protection with port covers, included holster/belt clip, antimicrobial technology, and DROP+ certified protection.",69.95,OTB-DEF-S24U,0.142,100,OtterBox,TRUE,FALSE,OtterBox Defender Galaxy S24 Ultra,Buy OtterBox Defender. Multi-layer protection holster included.
P013,Bellroy Leather Wallet Case iPhone 15,wallet-cases,Physical,"Premium leather wallet case with 3 card slots, magnetic closure, wireless charging compatible, and environmentally certified leather.",79.00,BLR-WLT-IP15,0.065,60,Bellroy,TRUE,FALSE,Bellroy Wallet Case iPhone 15,Shop Bellroy Wallet Case. 3 card slots wireless charging leather.
P014,TORRAS Diamond Clear Case iPhone 15 Pro,silicone-cases,Physical,"Crystal clear TPU case with 10X anti-yellowing technology, military-grade shockproof corners, and precise cutouts for all ports.",24.99,TOR-CLR-IP15P,0.035,300,TORRAS,TRUE,FALSE,TORRAS Clear Case iPhone 15 Pro,Buy TORRAS Clear Case. Anti-yellowing military shockproof crystal clear.
P015,amFilm Tempered Glass Screen Protector iPhone 15 Pro Max (3-Pack),screen-protectors,Physical,"9H hardness tempered glass screen protector with easy installation frame, oleophobic coating, and case-friendly design. Includes 3 protectors.",14.99,AMF-TG-IP15PM-3,0.120,500,amFilm,TRUE,FALSE,amFilm Screen Protector iPhone 15 Pro Max,Shop amFilm tempered glass. 9H hardness easy install 3-pack.
P016,Spigen Camera Lens Protector Galaxy S24 Ultra,camera-lens-protectors,Physical,"Individual tempered glass lens protectors with 9H hardness, anti-fingerprint coating, and precision cut for each camera lens. 2-pack.",12.99,SPI-LENS-S24U,0.015,400,Spigen,TRUE,FALSE,Spigen Lens Protector Galaxy S24 Ultra,Buy Spigen lens protector. Tempered glass 9H hardness 2-pack.
P017,Samsung 45W Super Fast Charger 2.0,fast-chargers,Physical,"Official Samsung 45W PD3.0 PPS charger with USB-C port, compatible with Galaxy S24/S23/Note series and USB-PD devices. Compact foldable design.",49.99,SAM-45W-CHG,0.065,150,Samsung,TRUE,FALSE,Samsung 45W Fast Charger,Shop Samsung 45W charger. PD3.0 PPS compact foldable.
P018,Anker 737 GaNPrime 120W Charger,gan-chargers,Physical,"Ultra-compact 120W 3-port GaN charger with 2 USB-C and 1 USB-A port. PowerIQ 4.0 technology for optimized charging. Foldable plug.",89.99,ANK-737-120W,0.187,100,Anker,TRUE,TRUE,Anker 737 GaNPrime 120W Charger,Buy Anker 737 120W. GaN technology 3 ports ultra-compact.
P019,Apple MagSafe Charger,magnetic-chargers,Physical,"Perfectly aligned wireless charging for iPhone with MagSafe, delivers up to 15W of power, compatible with MagSafe cases and accessories.",39.00,APL-MAGSAFE-CHG,0.040,200,Apple,TRUE,FALSE,Apple MagSafe Charger,Shop Apple MagSafe Charger. 15W wireless perfect alignment.
P020,Belkin BoostCharge Pro 3-in-1 MagSafe Charger,charging-docks,Physical,"Premium charging dock for iPhone, Apple Watch, and AirPods simultaneously. 15W MagSafe for iPhone, fast charging for Watch, and Qi pad for AirPods.",149.99,BLK-3IN1-MAG,0.450,75,Belkin,TRUE,TRUE,Belkin 3-in-1 MagSafe Charger,Buy Belkin 3-in-1 charger. iPhone Watch AirPods simultaneously.
P021,Anker 737 PowerCore 24K Power Bank,power-banks,Physical,"24000mAh portable charger with 140W bi-directional charging, smart digital display, USB-C and USB-A ports. Charges MacBook Pro 0-50% in 40 mins.",149.99,ANK-737PB-24K,0.632,80,Anker,TRUE,FALSE,Anker 737 PowerCore 24K,Shop Anker 737 24K. 140W charging 24000mAh digital display.
P022,Anker USB-C to USB-C 100W Cable 6ft,usb-c-cables,Physical,"Premium braided USB-C cable with 100W Power Delivery, 480Mbps data transfer, and reinforced stress points. 6-foot length.",19.99,ANK-USBC-100W-6,0.055,400,Anker,TRUE,FALSE,Anker USB-C Cable 100W 6ft,Buy Anker USB-C cable. 100W PD braided durable 6ft.
P023,Apple USB-C to Lightning Cable 2m,lightning-cables,Physical,"Official Apple USB-C to Lightning cable for fast charging iPhone and iPad. MFi certified, supports USB Power Delivery. 2-meter length.",29.00,APL-USBC-LTN-2M,0.030,250,Apple,TRUE,FALSE,Apple USB-C to Lightning Cable 2m,Shop Apple Lightning cable. Fast charging MFi certified 2m.
P024,UGREEN USB-C Hub 7-in-1,usb-c-hubs,Physical,"Portable USB-C hub with HDMI 4K@60Hz output, 100W PD pass-through, SD/microSD slots, 2x USB-A 3.0 ports, and USB-C data port.",49.99,UGR-HUB-7IN1,0.085,120,UGREEN,TRUE,FALSE,UGREEN USB-C Hub 7-in-1,Buy UGREEN USB-C hub. HDMI 4K 100W PD SD card reader.
P025,Apple AirPods Pro 2nd Generation USB-C,wireless-earbuds,Physical,"Premium wireless earbuds with H2 chip, 2x Active Noise Cancellation, Adaptive Transparency, Personalized Spatial Audio, and MagSafe USB-C case.",249.00,APL-APP2-USBC,0.051,120,Apple,TRUE,TRUE,AirPods Pro 2 USB-C,Buy AirPods Pro 2. H2 chip 2x ANC Spatial Audio USB-C.
P026,Sony WF-1000XM5 Wireless Earbuds,wireless-earbuds,Physical,"Industry-leading noise canceling earbuds with Integrated Processor V2, LDAC Hi-Res Audio, Speak-to-Chat, and 8-hour battery. 25% smaller.",299.99,SNY-WF1000XM5,0.059,60,Sony,TRUE,FALSE,Sony WF-1000XM5 Earbuds,Shop Sony WF-1000XM5. Best ANC Hi-Res Audio compact.
P027,Samsung Galaxy Buds2 Pro,wireless-earbuds,Physical,"Premium wireless earbuds with 24-bit Hi-Fi audio, Intelligent ANC, 360 Audio, IPX7 water resistance, and seamless Galaxy ecosystem integration.",229.99,SAM-BUDS2PRO,0.047,90,Samsung,TRUE,FALSE,Samsung Galaxy Buds2 Pro,Buy Galaxy Buds2 Pro. 24-bit Hi-Fi 360 Audio water resistant.
P028,Shure Aonic 3 Wired Earphones,wired-earphones,Physical,"Professional in-ear monitors with single balanced armature driver, sound isolating design, MMCX detachable cable, and premium carrying case.",199.00,SHR-AONIC3,0.029,35,Shure,TRUE,FALSE,Shure Aonic 3 Earphones,Shop Shure Aonic 3. Balanced armature sound isolating professional.
P029,Sony Neckband WI-C100 Wireless Earphones,neckband-earphones,Physical,"Lightweight wireless neckband with 25-hour battery, DSEE sound enhancement, IPX4 splash proof, quick charge, and magnetic earbuds.",35.00,SNY-WIC100,0.020,150,Sony,TRUE,FALSE,Sony WI-C100 Neckband Earphones,Buy Sony WI-C100. 25-hour battery IPX4 lightweight.
P030,Rode Wireless GO II Lavalier System,lavalier-microphones,Physical,"Dual-channel wireless microphone system with two transmitters, 200m range, on-board recording, and USB-C audio interface functionality.",299.00,ROD-WLSGO2,0.030,40,Rode,TRUE,TRUE,Rode Wireless GO II,Shop Rode Wireless GO II. Dual-channel 200m range on-board recording.
P031,iOttie Easy One Touch 5 Car Mount,car-phone-holders,Physical,"Universal car phone holder with easy one-touch mounting, telescoping arm, 360° rotation, and dashboard/windshield mounting options.",29.99,IOT-EOT5-DASH,0.340,180,iOttie,TRUE,FALSE,iOttie Easy One Touch 5 Car Mount,Buy iOttie car mount. One-touch mounting 360 rotation universal.
P032,Quad Lock Bike Mount Kit,bike-phone-mounts,Physical,"Secure bike phone mount with patented dual-stage lock, 360° rotation, vibration dampening, and weatherproof design. Includes case.",69.99,QLK-BIKE-KIT,0.095,70,Quad Lock,TRUE,FALSE,Quad Lock Bike Mount Kit,Shop Quad Lock bike mount. Dual-stage lock vibration dampening.
P033,Lamicall Adjustable Phone Stand,desk-phone-stands,Physical,"Premium aluminum desk phone stand with adjustable viewing angle, anti-slip silicone pads, cable routing, and foldable portable design.",15.99,LAM-STAND-ALU,0.180,250,Lamicall,TRUE,FALSE,Lamicall Phone Stand,Buy Lamicall phone stand. Aluminum adjustable foldable.
P034,Apple MacBook Air 15-inch M3 512GB,ultrabooks,Physical,"Stunningly thin 15.3-inch Liquid Retina display, Apple M3 chip with 8-core GPU, 18-hour battery life, MagSafe charging, and fanless silent design.",1499.00,APL-MBA15-M3-512,1.51,45,Apple,TRUE,TRUE,MacBook Air 15 M3,Buy MacBook Air 15 M3. 15.3-inch display 18-hour battery silent.
P035,Dell XPS 15 9530 OLED,ultrabooks,Physical,"Premium 15.6-inch 3.5K OLED touch display, Intel Core i7-13700H, 32GB RAM, 1TB SSD, NVIDIA RTX 4060, and stunning InfinityEdge design.",1899.99,DEL-XPS15-OLED,1.86,30,Dell,TRUE,FALSE,Dell XPS 15 OLED,Shop Dell XPS 15 OLED. 3.5K display RTX 4060 InfinityEdge.
P036,Lenovo ThinkPad X1 Carbon Gen 11,business-laptops,Physical,"Premium business ultrabook with 14-inch 2.8K OLED display, Intel Core i7-1365U, 16GB RAM, 512GB SSD, fingerprint reader, and MIL-STD-810H.",1849.00,LEN-X1C-G11,1.12,30,Lenovo,TRUE,FALSE,ThinkPad X1 Carbon Gen 11,Shop ThinkPad X1 Carbon. OLED display Intel Core i7 military durable.
P037,HP EliteBook 840 G10,business-laptops,Physical,"Enterprise business laptop with 14-inch anti-glare display, Intel Core i7 vPro, 16GB RAM, 512GB SSD, HP Wolf Security, and 4G LTE option.",1599.00,HP-EB840-G10,1.36,25,HP,TRUE,FALSE,HP EliteBook 840 G10,Buy HP EliteBook 840. Intel vPro HP Wolf Security enterprise.
P038,Acer Aspire 5 A515-57,student-laptops,Physical,"Affordable student laptop with 15.6-inch Full HD IPS display, Intel Core i5-1235U, 8GB RAM, 512GB SSD, fingerprint reader, and all-day battery.",549.99,ACR-A515-57,1.76,100,Acer,TRUE,FALSE,Acer Aspire 5 Student Laptop,Shop Acer Aspire 5. Affordable Full HD Intel Core i5.
P039,ASUS ROG Strix G16 RTX 4070,gaming-laptops,Physical,"Powerful gaming laptop with 16-inch 240Hz QHD display, Intel Core i9-14900HX, NVIDIA RTX 4070, 32GB DDR5, 1TB SSD, and ROG Intelligent Cooling.",1999.99,ASU-ROG-G16-4070,2.50,25,ASUS,TRUE,TRUE,ASUS ROG Strix G16 RTX 4070,Buy ROG Strix G16. RTX 4070 240Hz display Intel Core i9.
P040,MSI Raider GE78 HX RTX 4090,gaming-laptops,Physical,"Ultimate gaming laptop with 17-inch 240Hz QHD+ display, Intel Core i9-14900HX, NVIDIA RTX 4090, 64GB DDR5, 2TB SSD, and Cooler Boost 5 thermal.",3499.99,MSI-GE78-4090,3.10,15,MSI,TRUE,TRUE,MSI Raider GE78 HX RTX 4090,Shop MSI Raider GE78. RTX 4090 240Hz ultimate gaming power.
P041,Microsoft Surface Pro 9 i7 16GB,2-in-1-convertible-laptops,Physical,"Versatile 2-in-1 with 13-inch PixelSense Flow 120Hz display, Intel Core i7, 16GB RAM, 256GB SSD, Windows 11 Pro, and optional Type Cover.",1599.99,MS-SP9-i7-256,0.879,35,Microsoft,TRUE,FALSE,Surface Pro 9 Intel Core i7,Shop Surface Pro 9. 2-in-1 PixelSense Flow Windows 11 Pro.
P042,Lenovo Yoga 9i 14-inch 2-in-1,2-in-1-convertible-laptops,Physical,"Premium convertible with 14-inch 4K OLED touch display, Intel Core i7-1360P, 16GB RAM, 1TB SSD, rotating soundbar, and 360-degree hinge.",1749.00,LEN-YOGA9I-14,1.40,20,Lenovo,TRUE,FALSE,Lenovo Yoga 9i 14 OLED,Buy Lenovo Yoga 9i. 4K OLED 360-degree rotating soundbar.
P043,HP Chromebook 14,chromebooks,Physical,"Reliable Chromebook with 14-inch HD display, Intel Celeron N4120, 4GB RAM, 64GB eMMC, up to 13.5-hour battery, and Chrome OS auto-updates.",279.99,HP-CB14-CEL,1.47,80,HP,TRUE,FALSE,HP Chromebook 14,Shop HP Chromebook 14. Long battery Chrome OS affordable.
P044,ASUS Chromebook Flip CX5,chromebooks,Physical,"Premium 2-in-1 Chromebook with 15.6-inch Full HD touch display, Intel Core i5, 8GB RAM, 256GB SSD, stylus support, and 360-degree hinge.",599.99,ASU-CX5-FLIP,1.95,40,ASUS,TRUE,FALSE,ASUS Chromebook Flip CX5,Buy ASUS Chromebook Flip. 2-in-1 Full HD touch Intel Core i5.
P045,HP Z2 Tower G9 Workstation,tower-pcs,Physical,"Professional workstation with Intel Core i9-13900K, 64GB ECC RAM, NVIDIA RTX A5000, 1TB NVMe SSD, and ISV certified for CAD/CAM applications.",4299.00,HP-Z2-G9-TWR,12.50,10,HP,TRUE,FALSE,HP Z2 Tower G9 Workstation,Shop HP Z2 Tower. ISV certified RTX A5000 professional workstation.
P046,Apple Mac Mini M2 Pro,mini-pcs,Physical,"Compact powerhouse with Apple M2 Pro chip, 12-core CPU, 19-core GPU, 16GB unified memory, 512GB SSD, and extensive port selection.",1299.00,APL-MACMINI-M2P,1.18,50,Apple,TRUE,TRUE,Mac Mini M2 Pro,Buy Mac Mini M2 Pro. Compact powerful M2 Pro chip extensive ports.
P047,Intel NUC 13 Pro,mini-pcs,Physical,"Ultra-compact mini PC with Intel Core i7-1360P, upgradeable RAM and storage, Thunderbolt 4, WiFi 6E, and VESA mount included.",699.00,INT-NUC13-PRO,0.72,35,Intel,TRUE,FALSE,Intel NUC 13 Pro,Shop Intel NUC 13 Pro. Compact upgradeable Thunderbolt 4.
P048,Apple iMac 24-inch M3,all-in-one-pcs,Physical,"Stunning all-in-one with 24-inch 4.5K Retina display, Apple M3 chip, 8GB unified memory, 256GB SSD, 1080p FaceTime camera, and immersive 6-speaker sound.",1299.00,APL-IMAC24-M3,4.43,30,Apple,TRUE,TRUE,iMac 24-inch M3,Buy iMac 24 M3. 4.5K Retina display stunning all-in-one.
P049,HP Elite AiO 870 G9,all-in-one-pcs,Physical,"Business all-in-one with 27-inch 4K display, Intel Core i7-13700, 16GB RAM, 512GB SSD, pop-up privacy camera, and adjustable height stand.",1849.00,HP-AIO870-G9,8.20,15,HP,TRUE,FALSE,HP Elite AiO 870 G9,Shop HP Elite AiO. 27-inch 4K business all-in-one.
P050,HP Z8 Fury G5 AI Workstation,ai-ml-workstations,Physical,"Ultimate AI workstation with dual Intel Xeon, up to 4TB RAM, support for 4x NVIDIA RTX 6000 Ada GPUs, and liquid cooling option.",15999.00,HP-Z8-FURY-G5,25.00,5,HP,TRUE,FALSE,HP Z8 Fury G5 AI Workstation,Shop HP Z8 Fury. Multi-GPU AI workstation enterprise grade.
P051,AMD Ryzen 9 7950X3D Processor,cpus-processors,Physical,"World's fastest gaming processor with 3D V-Cache technology, 16 cores, 32 threads, 144MB total cache, and 5.7GHz max boost. AM5 socket.",549.99,AMD-R9-7950X3D,0.021,40,AMD,TRUE,TRUE,AMD Ryzen 9 7950X3D,Buy Ryzen 9 7950X3D. 3D V-Cache 16 cores fastest gaming.
P052,Intel Core i9-14900K Processor,cpus-processors,Physical,"Intel flagship processor with 24 cores (8P+16E), 32 threads, up to 6.0GHz, Intel Thread Director, and unlocked overclocking. LGA1700.",589.99,INT-i9-14900K,0.023,35,Intel,TRUE,FALSE,Intel Core i9-14900K,Shop Core i9-14900K. 24 cores 6.0GHz boost unlocked.
P053,AMD Ryzen 7 7800X3D Processor,cpus-processors,Physical,"Gaming-optimized processor with 3D V-Cache, 8 cores, 16 threads, 96MB L3 cache, 5.0GHz boost, and 120W TDP. AM5 socket.",399.99,AMD-R7-7800X3D,0.021,60,AMD,TRUE,FALSE,AMD Ryzen 7 7800X3D,Buy Ryzen 7 7800X3D. 3D V-Cache gaming optimized 8 cores.
P054,ASUS ROG Maximus Z790 Hero Motherboard,motherboards,Physical,"Premium Z790 ATX motherboard with DDR5, PCIe 5.0, WiFi 6E, 2.5G LAN, extensive RGB, and robust power delivery for overclocking.",629.99,ASU-MAX-Z790-HERO,1.45,20,ASUS,TRUE,FALSE,ASUS ROG Maximus Z790 Hero,Buy ROG Maximus Z790 Hero. DDR5 PCIe 5.0 WiFi 6E premium.
P055,MSI MAG B650 TOMAHAWK WiFi Motherboard,motherboards,Physical,"Feature-rich B650 ATX motherboard with DDR5, PCIe 4.0, WiFi 6E, 2.5G LAN, extended heatsinks, and M.2 Shield Frozr.",219.99,MSI-B650-TOMAHAWK,1.20,45,MSI,TRUE,FALSE,MSI MAG B650 TOMAHAWK WiFi,Shop MSI B650 TOMAHAWK. DDR5 WiFi 6E value gaming.
P056,Corsair Vengeance DDR5-6000 32GB Kit,ram-memory,Physical,"High-performance DDR5 kit (2x16GB) with Intel XMP 3.0, CL30 timings, compact heat spreader, and iCUE RGB compatibility.",159.99,COR-VNG-DDR5-32,0.045,100,Corsair,TRUE,FALSE,Corsair Vengeance DDR5-6000 32GB,Buy Corsair DDR5-6000. XMP 3.0 CL30 32GB kit.
P057,G.Skill Trident Z5 RGB DDR5-6400 64GB,ram-memory,Physical,"Premium DDR5 kit (2x32GB) with stunning RGB lighting, Intel XMP 3.0, CL32 timings, and dual-texture aluminum heat spreader.",299.99,GSK-TZ5-64-6400,0.065,50,G.Skill,TRUE,FALSE,G.Skill Trident Z5 RGB DDR5 64GB,Shop Trident Z5 DDR5-6400. RGB 64GB premium performance.
P058,Samsung 990 Pro 2TB NVMe SSD,nvme-ssds,Physical,"Flagship PCIe 4.0 NVMe SSD with 7450MB/s read, 6900MB/s write, advanced thermal control, and Samsung Magician software.",179.99,SAM-990PRO-2TB,0.009,120,Samsung,TRUE,TRUE,Samsung 990 Pro 2TB NVMe,Buy Samsung 990 Pro. 7450MB/s read PCIe 4.0 flagship.
P059,WD Black SN850X 1TB NVMe SSD,nvme-ssds,Physical,"High-performance gaming SSD with 7300MB/s read, Game Mode 2.0, optional heatsink model, and RGB lighting version available.",89.99,WD-SN850X-1TB,0.008,150,Western Digital,TRUE,FALSE,WD Black SN850X 1TB,Shop WD SN850X. 7300MB/s gaming optimized NVMe.
P060,Crucial MX500 2TB SATA SSD,sata-ssds,Physical,"Reliable SATA SSD with 560MB/s sequential reads, AES 256-bit encryption, power loss immunity, and 5-year warranty.",149.99,CRU-MX500-2TB,0.070,100,Crucial,TRUE,FALSE,Crucial MX500 2TB SATA SSD,Buy Crucial MX500. Reliable 2TB SATA encrypted.
P061,Seagate IronWolf Pro 16TB NAS HDD,nas-drives,Physical,"Enterprise NAS hard drive with 7200RPM, 256MB cache, AgileArray technology, 300TB/year workload rating, and 5-year warranty.",349.99,SEA-IWP-16TB,0.680,40,Seagate,TRUE,FALSE,Seagate IronWolf Pro 16TB NAS,Shop IronWolf Pro 16TB. Enterprise NAS 300TB/year workload.
P062,Samsung T7 Shield 2TB Portable SSD,external-ssds,Physical,"Rugged portable SSD with IP65 water/dust resistance, 1050MB/s transfer, USB 3.2 Gen 2, drop-resistant rubber exterior, and password protection.",189.99,SAM-T7-SHIELD-2TB,0.098,80,Samsung,TRUE,FALSE,Samsung T7 Shield 2TB Portable,Buy Samsung T7 Shield. Rugged 1050MB/s portable SSD.
P063,NVIDIA GeForce RTX 4090 Founders Edition,graphics-cards,Physical,"Ultimate gaming GPU with 24GB GDDR6X, Ada Lovelace architecture, DLSS 3, ray tracing, and dual-fan Founders Edition cooling design.",1599.99,NV-RTX4090-FE,2.10,15,NVIDIA,TRUE,TRUE,NVIDIA GeForce RTX 4090 FE,Shop RTX 4090 FE. 24GB ultimate gaming Ada Lovelace DLSS 3.
P064,AMD Radeon RX 7900 XTX,graphics-cards,Physical,"Flagship AMD GPU with 24GB GDDR6, RDNA 3 architecture, DisplayPort 2.1, AV1 encoding, and dual-fan reference design.",999.99,AMD-RX7900XTX,0.345,25,AMD,TRUE,FALSE,AMD Radeon RX 7900 XTX,Buy RX 7900 XTX. 24GB RDNA 3 DisplayPort 2.1.
P065,NVIDIA GeForce RTX 4070 Super,graphics-cards,Physical,"Sweet spot gaming GPU with 12GB GDDR6X, excellent 1440p performance, DLSS 3, low power consumption, and compact design.",599.99,NV-RTX4070S,0.285,50,NVIDIA,TRUE,FALSE,NVIDIA GeForce RTX 4070 Super,Shop RTX 4070 Super. 12GB 1440p gaming DLSS 3 efficient.
P066,Elgato 4K60 Pro MK.2 Capture Card,capture-cards,Physical,"Internal PCIe capture card with 4K60 HDR10 passthrough, 1080p60 recording, instant gameview, flashback recording, and OBS/XSplit integration.",249.99,ELG-4K60PRO-MK2,0.145,30,Elgato,TRUE,FALSE,Elgato 4K60 Pro MK.2 Capture Card,Buy Elgato 4K60 Pro. 4K60 HDR capture streaming recording.
P067,Corsair RM1000x 2021 Power Supply,power-supply-units,Physical,"1000W 80+ Gold fully modular PSU with Zero RPM fan mode, 105°C-rated capacitors, Corsair Link support, and 10-year warranty.",189.99,COR-RM1000X,1.65,40,Corsair,TRUE,FALSE,Corsair RM1000x 1000W PSU,Shop Corsair RM1000x. 80+ Gold modular silent 10-year warranty.
P068,Seasonic PRIME TX-850 Power Supply,power-supply-units,Physical,"850W 80+ Titanium fully modular PSU with highest efficiency rating, Hybrid Fan Control, premium components, and 12-year warranty.",239.99,SEA-TX850,1.58,25,Seasonic,TRUE,FALSE,Seasonic PRIME TX-850 Titanium,Buy Seasonic PRIME TX-850. 80+ Titanium top efficiency 12-year.
P069,Noctua NH-D15 chromax.black CPU Cooler,air-coolers,Physical,"Premium dual-tower CPU cooler with dual NF-A15 140mm fans, 6 heatpipes, SecuFirm2 mounting, and all-black chromax design.",109.99,NOC-NHD15-BLK,1.32,60,Noctua,TRUE,TRUE,Noctua NH-D15 chromax.black,Shop Noctua NH-D15. Dual-tower premium cooling quiet.
P070,be quiet! Dark Rock Pro 5,air-coolers,Physical,"High-performance tower cooler with 270W TDP rating, silent Wings PWM fans, 7 copper heatpipes, and brushed aluminum top cover.",89.99,BQ-DARKROCKPRO5,1.13,45,be quiet!,TRUE,FALSE,be quiet! Dark Rock Pro 5,Buy Dark Rock Pro 5. 270W TDP silent premium cooling.
P071,NZXT Kraken X73 RGB 360mm AIO,liquid-coolers,Physical,"360mm AIO liquid cooler with infinity mirror LCD pump head, 3x Aer RGB 2 fans, CAM software control, and 6-year warranty.",249.99,NZXT-X73-RGB,1.35,35,NZXT,TRUE,FALSE,NZXT Kraken X73 RGB 360mm AIO,Shop NZXT Kraken X73. 360mm AIO LCD pump RGB fans.
P072,Corsair iCUE H150i Elite Capellix XT,liquid-coolers,Physical,"360mm AIO with magnetic dome cap RGB pump head, 3x ML120 RGB Elite fans, Commander CORE controller, and iCUE software.",259.99,COR-H150I-CAPX,1.45,30,Corsair,TRUE,FALSE,Corsair iCUE H150i Elite Capellix XT,Buy Corsair H150i Capellix. 360mm AIO RGB iCUE control.
P073,Lian Li Uni Fan SL-Infinity 120 3-Pack,case-fans,Physical,"Innovative infinity mirror RGB fans with daisy-chain cable system, 2100RPM max, PWM control, and stunning visual effects. 3-pack.",94.99,LL-SLINF-3PK,0.285,80,Lian Li,TRUE,FALSE,Lian Li Uni Fan SL-Infinity 3-Pack,Shop Lian Li Uni Fan. Infinity mirror daisy-chain 3-pack.
P074,Thermal Grizzly Kryonaut Thermal Paste 1g,thermal-paste,Physical,"Ultra-high performance thermal compound with 12.5 W/mK conductivity, no cure time, and stable from -200°C to +350°C.",9.99,TG-KRYONAUT-1G,0.015,300,Thermal Grizzly,TRUE,FALSE,Thermal Grizzly Kryonaut 1g,Buy Thermal Grizzly Kryonaut. 12.5 W/mK top performance.
P075,Lian Li O11 Dynamic EVO PC Case,pc-cases,Physical,"Versatile mid-tower with modular design, dual-chamber layout, tempered glass panels, 420mm radiator support, and multiple layout options.",169.99,LL-O11-EVO,9.80,40,Lian Li,TRUE,TRUE,Lian Li O11 Dynamic EVO,Shop Lian Li O11 EVO. Modular dual-chamber premium case.
P076,Fractal Design North Charcoal Black,pc-cases,Physical,"Elegant mid-tower with walnut front panel accents, mesh front for airflow, minimalist design, and exceptional build quality.",149.99,FD-NORTH-BLK,7.80,35,Fractal Design,TRUE,FALSE,Fractal Design North,Buy Fractal Design North. Walnut accents mesh airflow elegant.
P077,LG UltraGear 27GP850-B 27-inch Gaming Monitor,gaming-monitors,Physical,"27-inch Nano IPS gaming monitor with 180Hz refresh rate, 1ms GTG, G-Sync/FreeSync Premium, HDR400, and 98% DCI-P3 color.",399.99,LG-27GP850B,6.40,50,LG,TRUE,TRUE,LG UltraGear 27GP850-B Gaming Monitor,Shop LG 27GP850-B. 180Hz 1ms Nano IPS G-Sync gaming.
P078,Samsung Odyssey G9 49-inch Curved Gaming,ultrawide-monitors,Physical,"Massive 49-inch super ultrawide with 240Hz, 1000R curve, 1ms GTG, VESA DisplayHDR 1000, and Quantum Dot panel.",1299.99,SAM-G9-49,14.50,15,Samsung,TRUE,TRUE,Samsung Odyssey G9 49-inch,Buy Odyssey G9. 49-inch 240Hz 1000R super ultrawide.
P079,ASUS ProArt PA32UCG-K 32-inch Professional,touchscreen-monitors,Physical,"32-inch 4K HDR professional monitor with Dolby Vision, 1600 nits brightness, 120Hz, built-in calibrator, and Thunderbolt 3.",3499.00,ASU-PA32UCG-K,9.20,8,ASUS,TRUE,FALSE,ASUS ProArt PA32UCG-K 32-inch,Shop ASUS ProArt. 4K HDR Dolby Vision professional grade.
P080,Dell UltraSharp U2723QE 27-inch 4K,office-monitors,Physical,"27-inch 4K IPS Black technology monitor with USB-C 90W PD, KVM switch, Dell ComfortView Plus, and factory calibration.",749.99,DEL-U2723QE,6.60,40,Dell,TRUE,FALSE,Dell UltraSharp U2723QE 4K,Buy Dell U2723QE. 4K IPS Black USB-C 90W professional.
P081,ASUS ZenScreen MB16AHP 15.6-inch Portable,portable-monitors,Physical,"15.6-inch portable IPS monitor with built-in battery, USB-C/HDMI, kickstand, and pen hole for stylus. Perfect for mobile productivity.",279.99,ASU-MB16AHP,0.86,60,ASUS,TRUE,FALSE,ASUS ZenScreen MB16AHP Portable,Shop ASUS ZenScreen. Portable battery-powered USB-C monitor.
P082,Ergotron LX Desk Monitor Arm,monitor-arms,Physical,"Premium single monitor arm with 25lb capacity, 13-inch height adjustment, 360° rotation, quick-release VESA mount, and cable management.",179.99,ERG-LX-DESK,3.60,70,Ergotron,TRUE,FALSE,Ergotron LX Desk Monitor Arm,Buy Ergotron LX. Premium monitor arm 25lb capacity adjustable.
P083,Apple iPad Pro 12.9-inch M2 256GB,ipads,Physical,"Most advanced iPad with 12.9-inch Liquid Retina XDR display, M2 chip, ProMotion, Face ID, Thunderbolt, and Apple Pencil hover support.",1099.00,APL-IPADPRO-129-M2,0.682,45,Apple,TRUE,TRUE,iPad Pro 12.9-inch M2,Shop iPad Pro 12.9 M2. Liquid Retina XDR Thunderbolt professional.
P084,Samsung Galaxy Tab S9 Ultra 256GB,android-tablets,Physical,"Premium Android tablet with 14.6-inch Dynamic AMOLED 2X, Snapdragon 8 Gen 2, S Pen included, IP68 rating, and 11200mAh battery.",1199.99,SAM-TABS9U-256,0.732,30,Samsung,TRUE,FALSE,Samsung Galaxy Tab S9 Ultra,Buy Galaxy Tab S9 Ultra. 14.6-inch AMOLED S Pen IP68.
P085,Amazon Kindle Paperwhite Signature Edition,e-ink-readers,Physical,"Premium e-reader with 6.8-inch 300ppi display, adjustable warm light, wireless charging, auto-adjusting front light, and 32GB storage.",189.99,AMZ-KWPSE,0.207,100,Amazon,TRUE,TRUE,Kindle Paperwhite Signature Edition,Shop Kindle Paperwhite SE. 6.8-inch wireless charging 32GB.
P086,reMarkable 2 Tablet,note-taking-e-readers,Physical,"Paper-like e-ink tablet for reading and writing with Canvas display, included Marker stylus, 4096 pressure levels, and cloud sync.",449.00,RMK-2-TABLET,0.403,25,reMarkable,TRUE,FALSE,reMarkable 2 Tablet,Buy reMarkable 2. Paper-like writing e-ink note-taking.
P087,Apple Magic Keyboard for iPad Pro 12.9,tablet-keyboards,Physical,"Floating cantilevered design with backlit keys, trackpad, USB-C pass-through charging, and 130° viewing angle adjustment.",349.00,APL-MAGICKEY-129,0.710,50,Apple,TRUE,FALSE,Apple Magic Keyboard iPad Pro 12.9,Shop Magic Keyboard. Floating design trackpad backlit iPad Pro.
P088,Apple Pencil 2nd Generation,stylus-pens,Physical,"Precision stylus with wireless charging, magnetic attachment, double-tap gesture, pixel-perfect precision, and tilt sensitivity.",129.00,APL-PENCIL2,0.020,120,Apple,TRUE,FALSE,Apple Pencil 2nd Generation,Buy Apple Pencil 2. Wireless charging magnetic attach precision.
P089,Sony WH-1000XM5 Wireless Headphones,noise-canceling-headphones,Physical,"Industry-leading noise canceling headphones with 8 microphones, 30-hour battery, multipoint connection, and featherlight comfort design.",349.99,SNY-WH1000XM5,0.250,75,Sony,TRUE,TRUE,Sony WH-1000XM5 Headphones,Shop Sony WH-1000XM5. Best noise canceling 30-hour battery lightweight.
P090,Bose QuietComfort Ultra Headphones,noise-canceling-headphones,Physical,"Premium headphones with world-class noise cancellation, Immersive Audio, spatial sound, 24-hour battery, and Aware Mode.",429.00,BOSE-QCUH,0.252,50,Bose,TRUE,FALSE,Bose QuietComfort Ultra Headphones,Buy Bose QC Ultra. Immersive Audio spatial sound premium ANC.
P091,Sennheiser HD 660S2 Open-Back Headphones,over-ear-headphones,Physical,"Audiophile open-back headphones with hand-selected drivers, 300 ohm impedance, velour ear pads, and detachable cable system.",499.95,SEN-HD660S2,0.260,20,Sennheiser,TRUE,FALSE,Sennheiser HD 660S2 Audiophile,Shop HD 660S2. Open-back audiophile reference headphones.
P092,JBL Flip 6 Portable Bluetooth Speaker,bluetooth-speakers,Physical,"Portable Bluetooth speaker with IP67 waterproof, 12-hour playtime, PartyBoost for pairing, and JBL Original Pro Sound.",129.95,JBL-FLIP6,0.550,100,JBL,TRUE,FALSE,JBL Flip 6 Portable Speaker,Buy JBL Flip 6. IP67 waterproof 12-hour battery PartyBoost.
P093,Sonos Era 300 Spatial Audio Speaker,smart-speakers,Physical,"Premium smart speaker with Dolby Atmos spatial audio, 6 drivers, voice assistant support, WiFi/Bluetooth, and room-filling sound.",449.00,SON-ERA300,4.47,30,Sonos,TRUE,TRUE,Sonos Era 300 Spatial Audio,Shop Sonos Era 300. Dolby Atmos spatial audio premium.
P094,Yamaha HS8 Studio Monitor (Single),studio-monitors,Physical,"Professional 8-inch studio monitor with bi-amplified design (120W), white cone woofer, room control EQ, and exceptional clarity.",399.99,YAM-HS8,10.20,25,Yamaha,TRUE,FALSE,Yamaha HS8 Studio Monitor,Buy Yamaha HS8. 8-inch professional studio monitor flat response.
P095,Shure SM7B Dynamic Microphone,dynamic-microphones,Physical,"Legendary broadcast microphone with flat wide-range frequency response, improved shielding, air suspension shock isolation, and pop filter.",399.00,SHR-SM7B,0.766,40,Shure,TRUE,TRUE,Shure SM7B Dynamic Microphone,Shop Shure SM7B. Legendary broadcast podcasting studio mic.
P096,Rode NT1 5th Generation Condenser Microphone,condenser-microphones,Physical,"Ultra-low noise studio condenser with 32-bit float output via USB/XLR, Revolution capsule, and included studio accessories.",269.00,ROD-NT1-5G,0.440,50,Rode,TRUE,FALSE,Rode NT1 5th Generation,Buy Rode NT1. 32-bit float USB/XLR ultra-low noise studio.
P097,Focusrite Scarlett 2i2 4th Gen Audio Interface,audio-interfaces,Physical,"Professional 2-in 2-out USB-C audio interface with Air mode, auto-gain, 24-bit/192kHz conversion, and Hitmaker Expansion software.",179.99,FOC-2I2-4G,0.360,80,Focusrite,TRUE,TRUE,Focusrite Scarlett 2i2 4th Gen,Shop Scarlett 2i2. USB-C Air mode auto-gain professional recording.
P098,Rodecaster Pro II Production Console,mixers,Physical,"All-in-one production console for podcasting and streaming with 4 mic inputs, 9 programmable pads, multitrack recording, and effects.",699.00,ROD-RCPRO2,1.60,15,Rode,TRUE,FALSE,Rodecaster Pro II Console,Buy Rodecaster Pro II. All-in-one podcasting streaming production.
P099,Samsung 65-inch QN65QN900C Neo QLED 8K TV,8k-tvs,Physical,"Flagship 8K Neo QLED with Neural Quantum Processor 8K, Infinity Screen design, Object Tracking Sound Pro, and One Connect Box.",3499.99,SAM-QN65QN900C,28.50,8,Samsung,TRUE,TRUE,Samsung QN900C 65-inch 8K Neo QLED,Shop QN900C 8K. Neo QLED Neural Quantum Processor flagship.
P100,LG 65-inch OLED65C3 OLED evo TV,oled-tvs,Physical,"Premium OLED evo with self-lit pixels, a9 AI Processor Gen6, Dolby Vision/Atmos, 120Hz, G-SYNC/FreeSync, and webOS 23.",1799.99,LG-OLED65C3,18.80,20,LG,TRUE,TRUE,LG C3 65-inch OLED evo TV,Buy LG OLED C3. OLED evo self-lit pixels perfect blacks 120Hz.
P101,Sony 55-inch A95K QD-OLED TV,oled-tvs,Physical,"Revolutionary QD-OLED with Cognitive Processor XR, brilliant colors, XR Triluminos Max, Perfect for PlayStation 5, and Bravia Core.",2499.99,SNY-XR55A95K,22.30,12,Sony,TRUE,FALSE,Sony A95K 55-inch QD-OLED,Shop Sony A95K. QD-OLED Cognitive Processor XR PlayStation 5.
P102,Epson EpiqVision Ultra LS800 Projector,projectors,Physical,"Ultra short throw laser projector with 4000 lumens, 4K PRO-UHD, 150-inch image from 2 feet, and built-in Android TV.",3499.99,EPS-LS800,9.50,10,Epson,TRUE,FALSE,Epson LS800 Ultra Short Throw Projector,Buy Epson LS800. Ultra short throw 4K laser 150-inch.
P103,Apple TV 4K 128GB 2022,streaming-boxes,Physical,"Powerful streaming device with A15 Bionic chip, Dolby Vision/Atmos, HDR10+, Thread support, and Siri Remote with USB-C charging.",149.00,APL-ATV4K-128,0.214,90,Apple,TRUE,FALSE,Apple TV 4K 128GB,Shop Apple TV 4K. A15 Bionic Dolby Vision Atmos HDR10+.
P104,Sonos Arc Soundbar,soundbars,Physical,"Premium Dolby Atmos soundbar with 11 high-performance drivers, Speech Enhancement, Night Sound, Trueplay tuning, and expandable system.",899.00,SON-ARC,6.25,25,Sonos,TRUE,TRUE,Sonos Arc Dolby Atmos Soundbar,Buy Sonos Arc. Dolby Atmos 11 drivers Trueplay premium.
P105,Sony HT-A7000 7.1.2ch Soundbar,soundbars,Physical,"Flagship soundbar with 7.1.2ch Dolby Atmos/DTS:X, 500W output, dual subwoofers, 360 Spatial Sound Mapping, and 8K HDR passthrough.",1299.99,SNY-HTA7000,8.70,15,Sony,TRUE,FALSE,Sony HT-A7000 7.1.2ch Soundbar,Shop Sony HT-A7000. 7.1.2ch Dolby Atmos flagship soundbar.
P106,PlayStation 5 Console,home-gaming-consoles,Physical,"Next-generation gaming console with custom AMD Zen 2 CPU, RDNA 2 GPU, ultra-high speed SSD, 3D Audio, DualSense controller, and 4K gaming.",499.99,SNY-PS5,4.50,50,Sony,TRUE,TRUE,PlayStation 5 Console,Buy PlayStation 5. Next-gen gaming 4K SSD DualSense controller.
P107,Xbox Series X Console,home-gaming-consoles,Physical,"Microsoft's most powerful console with 12 teraflops, custom AMD Zen 2, RDNA 2 GPU, 1TB NVMe SSD, and 4K 120fps gaming.",499.99,MS-XBSX,4.45,45,Microsoft,TRUE,TRUE,Xbox Series X Console,Shop Xbox Series X. 12 teraflops 4K 120fps 1TB SSD.
P108,Nintendo Switch OLED Model,home-gaming-consoles,Physical,"Enhanced Switch with vibrant 7-inch OLED screen, wide adjustable stand, wired LAN port, enhanced audio, and 64GB internal storage.",349.99,NIN-SWOLED,0.420,80,Nintendo,TRUE,FALSE,Nintendo Switch OLED Model,Buy Switch OLED. 7-inch OLED screen enhanced portable console.
P109,Valve Steam Deck OLED 1TB,handheld-gaming-consoles,Physical,"Premium PC gaming handheld with 7.4-inch HDR OLED display, custom AMD APU, 1TB NVMe SSD, and full Steam library access.",649.00,VLV-DECK-OLED-1TB,0.640,30,Valve,TRUE,TRUE,Steam Deck OLED 1TB,Shop Steam Deck OLED. HDR OLED 1TB PC gaming handheld.
P110,Razer BlackWidow V4 Pro Mechanical Keyboard,gaming-keyboards,Physical,"Premium gaming keyboard with Razer Green Mechanical Switches, 8000Hz polling rate, magnetic wrist rest, and per-key Chroma RGB.",229.99,RZR-BWV4PRO,1.32,60,Razer,TRUE,FALSE,Razer BlackWidow V4 Pro Keyboard,Buy BlackWidow V4 Pro. Green switches 8000Hz Chroma RGB.
P111,Logitech G Pro X Superlight 2 Gaming Mouse,gaming-mice,Physical,"Ultra-lightweight wireless gaming mouse at 60g with Hero 2 sensor, 32000 DPI, 95-hour battery, and Lightspeed wireless technology.",159.99,LOG-GPXSL2,0.060,75,Logitech,TRUE,TRUE,Logitech G Pro X Superlight 2 Mouse,Shop G Pro X Superlight 2. 60g wireless 32000 DPI Hero 2.
P112,SteelSeries Arctis Nova Pro Wireless Headset,gaming-headsets,Physical,"Premium gaming headset with multi-system connection, Active Noise Cancellation, infinity swappable batteries, and Hi-Res audio certified.",349.99,SS-ANOVAPRO,0.338,40,SteelSeries,TRUE,FALSE,SteelSeries Arctis Nova Pro Wireless,Buy Arctis Nova Pro. ANC Hi-Res multi-system premium gaming.
P113,Meta Quest 3 128GB VR Headset,vr-headsets,Physical,"Mixed reality VR headset with full-color passthrough, Snapdragon XR2 Gen 2, pancake lenses, 4K+ resolution, and Touch Plus controllers.",499.99,META-Q3-128,0.515,45,Meta,TRUE,TRUE,Meta Quest 3 128GB VR Headset,Shop Meta Quest 3. Mixed reality 4K+ passthrough standalone VR.
P114,Fanatec Gran Turismo DD Pro Wheel Bundle,racing-simulators,Physical,"Official Gran Turismo direct drive wheel with 8Nm torque, included CSL pedals, McLaren GT3 wheel rim, and full PS5/PC compatibility.",849.95,FAN-GTDDPRO,8.50,12,Fanatec,TRUE,FALSE,Fanatec Gran Turismo DD Pro Bundle,Buy GT DD Pro. Direct drive 8Nm McLaren wheel PS5 PC.
P115,Sony Alpha a7 IV Mirrorless Camera,mirrorless-cameras,Physical,"Full-frame mirrorless with 33MP Exmor R sensor, 759-point AF, 4K60 video, 5-axis IBIS, 10fps burst, and advanced AI subject recognition.",2499.00,SNY-A7IV,0.658,20,Sony,TRUE,TRUE,Sony Alpha a7 IV Mirrorless,Shop Sony a7 IV. 33MP full-frame 4K60 759-point AF professional.
P116,Canon EOS R6 Mark II Mirrorless Camera,mirrorless-cameras,Physical,"Professional mirrorless with 24.2MP full-frame sensor, 40fps burst, 6K 60p RAW video, 8-stop IBIS, and deep learning subject detection.",2499.00,CAN-EOSR6M2,0.670,18,Canon,TRUE,FALSE,Canon EOS R6 Mark II Mirrorless,Buy Canon R6 II. 40fps 6K RAW 8-stop IBIS professional mirrorless.
P117,Nikon Z8 Full-Frame Mirrorless Camera,mirrorless-cameras,Physical,"Flagship mirrorless with 45.7MP stacked sensor, 120fps burst, 8K60 internal video, in-body focus stacking, and pre-release capture.",3999.95,NIK-Z8,0.910,10,Nikon,TRUE,FALSE,Nikon Z8 Mirrorless Camera,Shop Nikon Z8. 45.7MP stacked sensor 8K60 120fps flagship.
P118,GoPro Hero 12 Black,action-cameras,Physical,"Premium action camera with 5.3K60 video, 27MP photos, HyperSmooth 6.0 stabilization, waterproof to 33ft, and HDR video support.",399.99,GPR-HERO12-BLK,0.154,70,GoPro,TRUE,TRUE,GoPro Hero 12 Black,Buy GoPro Hero 12. 5.3K60 HyperSmooth 6 waterproof action cam.
P119,Sony FE 24-70mm f/2.8 GM II Lens,camera-lenses,Physical,"Professional standard zoom with fast f/2.8 aperture, 11 XA elements, near-silent linear motors, and exceptional sharpness throughout range.",2299.99,SNY-FE2470GM2,0.695,15,Sony,TRUE,FALSE,Sony FE 24-70mm f/2.8 GM II,Shop Sony 24-70 GM II. Professional zoom f/2.8 XA elements sharp.
P120,DJI RS 3 Pro Gimbal Stabilizer,gimbals-stabilizers,Physical,"Professional 3-axis gimbal with 4.5kg payload, LiDAR focusing, automated axis locks, carbon fiber construction, and O3 Pro transmission.",699.00,DJI-RS3PRO,1.50,25,DJI,TRUE,FALSE,DJI RS 3 Pro Gimbal,Buy DJI RS 3 Pro. 4.5kg payload LiDAR carbon fiber professional.
P121,DJI Mavic 3 Pro Drone,camera-drones,Physical,"Professional camera drone with triple-camera system including 4/3 CMOS Hasselblad, 43-min flight time, omnidirectional sensing, and 15km transmission.",2199.00,DJI-MAV3PRO,0.958,15,DJI,TRUE,TRUE,DJI Mavic 3 Pro Drone,Shop Mavic 3 Pro. Triple camera Hasselblad 43-min professional drone.
P122,DJI Mini 4 Pro Drone,camera-drones,Physical,"Sub-249g foldable drone with 4K100fps video, 48MP photos, omnidirectional sensing, 34-min flight, and D-Log M color profile.",799.00,DJI-MINI4PRO,0.249,40,DJI,TRUE,FALSE,DJI Mini 4 Pro Drone,Buy Mini 4 Pro. Sub-249g 4K100fps omnidirectional sensing compact.
P123,DJI Avata 2 FPV Drone,fpv-drones,Physical,"Immersive FPV drone with 4K60 video, Goggles 3, Motion 3 controller option, 23-min flight time, and 1/1.3-inch sensor.",999.00,DJI-AVATA2,0.377,25,DJI,TRUE,FALSE,DJI Avata 2 FPV Drone,Shop DJI Avata 2. FPV 4K60 Goggles 3 immersive flying.
P124,ASUS RT-AX86U Pro WiFi 6 Router,routers,Physical,"Gaming-optimized WiFi 6 router with AX5700 speeds, 2.5G WAN port, AiMesh support, mobile game mode, and adaptive QoS.",249.99,ASU-RTAX86UPRO,0.810,50,ASUS,TRUE,FALSE,ASUS RT-AX86U Pro WiFi 6 Router,Buy ASUS AX86U Pro. WiFi 6 gaming 2.5G WAN AiMesh.
P125,TP-Link Deco XE75 WiFi 6E Mesh System 3-Pack,mesh-wifi-systems,Physical,"Tri-band WiFi 6E mesh system covering 7200 sq ft, 5400Mbps total speed, 6GHz band, AI-driven Mesh, and 200+ device capacity.",429.99,TPL-DECO-XE75-3,1.80,35,TP-Link,TRUE,TRUE,TP-Link Deco XE75 WiFi 6E 3-Pack,Shop Deco XE75. WiFi 6E 6GHz mesh 7200 sq ft coverage.
P126,Ubiquiti UniFi Dream Machine Pro,network-switches,Physical,"All-in-one network appliance with integrated security gateway, 10G SFP+ ports, 3.5-inch HDD bay, and UniFi Network controller.",379.00,UBQ-UDM-PRO,1.75,20,Ubiquiti,TRUE,FALSE,Ubiquiti UniFi Dream Machine Pro,Buy UniFi Dream Machine Pro. 10G SFP+ integrated security gateway.
P127,Philips Hue Starter Kit E26 4-Pack,smart-bulbs,Physical,"Smart lighting starter kit with 4 A19 color-capable bulbs, Hue Bridge, and voice control via Alexa, Google, and Siri.",199.99,PHI-HUE-START-4,0.850,60,Philips,TRUE,TRUE,Philips Hue Starter Kit 4-Pack,Shop Philips Hue Starter. 4 color bulbs Bridge voice control.
P128,Ring Video Doorbell Pro 2,video-doorbells,Physical,"Premium video doorbell with 1536p HD video, 3D Motion Detection, Bird's Eye View, Alexa integration, and hardwired installation.",249.99,AMZ-RING-PRO2,0.156,75,Ring,TRUE,FALSE,Ring Video Doorbell Pro 2,Buy Ring Pro 2. 1536p HD 3D Motion Bird's Eye View.
P129,Arlo Pro 5S 2K Camera 3-Pack,smart-cameras,Physical,"Premium wireless security cameras with 2K HDR video, 160° view, color night vision, integrated spotlight, and 6-month battery.",499.99,ARL-PRO5S-3PK,1.20,40,Arlo,TRUE,FALSE,Arlo Pro 5S 2K 3-Pack Cameras,Shop Arlo Pro 5S. 2K HDR wireless color night vision 3-pack.
P130,August WiFi Smart Lock 4th Gen,smart-locks,Physical,"Retrofit smart lock with WiFi built-in, auto-lock/unlock, DoorSense technology, voice assistant support, and existing key compatibility.",229.99,AUG-WIFI-4G,0.545,55,August,TRUE,FALSE,August WiFi Smart Lock 4th Gen,Buy August Smart Lock. WiFi retrofit auto-lock DoorSense.
P131,Amazon Echo Hub,smart-hubs,Physical,"8-inch smart home control panel with Zigbee, Thread, Matter, and WiFi support. Dashboard for all compatible smart devices.",179.99,AMZ-ECHOHUB,0.365,45,Amazon,TRUE,FALSE,Amazon Echo Hub Smart Home Controller,Shop Echo Hub. Zigbee Thread Matter 8-inch smart control panel.
P132,Apple Watch Ultra 2 49mm,smartwatches,Physical,"Most rugged Apple Watch with 49mm titanium case, precision dual-frequency GPS, 36-hour battery, 100m water resistance, and Action button.",799.00,APL-AWU2-49,0.061,40,Apple,TRUE,TRUE,Apple Watch Ultra 2 49mm,Buy Apple Watch Ultra 2. Titanium 36-hour dual GPS rugged.
P133,Samsung Galaxy Watch 6 Classic 47mm,smartwatches,Physical,"Premium smartwatch with rotating bezel, 1.5-inch Super AMOLED, BioActive sensor, Wear OS, and 40-hour battery life.",429.99,SAM-GW6C-47,0.059,50,Samsung,TRUE,FALSE,Samsung Galaxy Watch 6 Classic 47mm,Shop Galaxy Watch 6 Classic. Rotating bezel BioActive Wear OS.
P134,Garmin Fenix 7X Solar,smartwatches,Physical,"Ultimate multisport GPS watch with 37-day solar battery, topo maps, multi-band GPS, training readiness, and titanium option available.",899.99,GAR-FENIX7X-SOL,0.089,25,Garmin,TRUE,FALSE,Garmin Fenix 7X Solar GPS Watch,Buy Garmin Fenix 7X. Solar 37-day battery multi-band GPS adventure.
P135,Fitbit Charge 6 Fitness Tracker,fitness-trackers,Physical,"Advanced fitness tracker with built-in GPS, 40+ exercise modes, ECG app, stress management, and 7-day battery life.",159.95,FIT-CHARGE6,0.030,100,Fitbit,TRUE,FALSE,Fitbit Charge 6 Tracker,Shop Fitbit Charge 6. GPS ECG 40+ modes 7-day battery.
P136,Withings ScanWatch 2,health-monitoring-devices,Physical,"Medical-grade hybrid smartwatch with ECG, SpO2, temperature monitoring, sleep apnea detection, and 30-day battery life.",349.00,WTH-SCANW2,0.035,30,Withings,TRUE,FALSE,Withings ScanWatch 2 Health Watch,Buy Withings ScanWatch 2. ECG SpO2 temperature medical-grade.
P137,APC Back-UPS Pro 1500VA UPS,ups-systems,Physical,"1500VA/900W UPS with AVR, LCD display, 10 outlets, USB/Serial ports, and PowerChute software for graceful shutdown.",249.99,APC-BR1500MS2,10.50,45,APC,TRUE,TRUE,APC Back-UPS Pro 1500VA,Shop APC 1500VA UPS. AVR LCD 10 outlets surge protection.
P138,CyberPower CP1500PFCLCD PFC UPS,ups-systems,Physical,"1500VA/1000W PFC sinewave UPS with AVR, 12 outlets, mini-tower design, USB charging, and intelligent LCD panel.",249.95,CYB-1500PFCLCD,13.60,40,CyberPower,TRUE,FALSE,CyberPower 1500VA PFC Sinewave UPS,Buy CyberPower 1500VA. Pure sinewave AVR 12 outlets intelligent.
P139,Renogy 200W Monocrystalline Solar Panel,solar-panels,Physical,"High-efficiency 200W monocrystalline panel with 21% efficiency, bypass diodes, corrosion-resistant frame, and 25-year output warranty.",219.99,REN-200W-MONO,11.80,30,Renogy,TRUE,FALSE,Renogy 200W Monocrystalline Solar Panel,Shop Renogy 200W. High-efficiency monocrystalline 25-year warranty.
P140,Victron SmartSolar MPPT 100/50 Controller,charge-controllers,Physical,"Smart MPPT charge controller with 100V max input, 50A output, Bluetooth app monitoring, and ultra-fast maximum power point tracking.",289.00,VIC-MPPT-100-50,1.25,25,Victron Energy,TRUE,FALSE,Victron SmartSolar MPPT 100/50,Buy Victron MPPT 100/50. Smart Bluetooth 50A solar charging.
P141,EcoFlow Delta Pro Portable Power Station,lithium-batteries,Physical,"3.6kWh expandable power station with 3600W output, X-Stream fast charging, EV charger compatible, and smart home panel option.",3699.00,ECO-DELTAPRO,45.00,15,EcoFlow,TRUE,TRUE,EcoFlow Delta Pro Power Station,Shop Delta Pro. 3.6kWh 3600W expandable portable power station.
P142,Canon imageCLASS MF753Cdw Color Laser Printer,laser-printers,Physical,"Wireless color laser all-in-one with 35ppm print, auto duplex, 250-sheet tray, mobile printing, and advanced security features.",549.99,CAN-MF753CDW,24.90,25,Canon,TRUE,FALSE,Canon imageCLASS MF753Cdw Color Laser,Buy Canon MF753Cdw. Color laser 35ppm wireless duplex all-in-one.
P143,HP OfficeJet Pro 9015e All-in-One Printer,inkjet-printers,Physical,"Smart office printer with HP+ enrollment, 22ppm print, auto 2-sided printing/scanning, 35-sheet ADF, and 6 months Instant Ink.",229.99,HP-OJ9015E,9.85,50,HP,TRUE,FALSE,HP OfficeJet Pro 9015e Printer,Shop HP OfficeJet 9015e. HP+ smart printing 22ppm all-in-one.
P144,Fujitsu ScanSnap iX1600 Document Scanner,scanners,Physical,"High-speed document scanner with 40ppm, touchscreen, WiFi, ScanSnap Home software, and intelligent image processing.",419.99,FUJ-IX1600,3.40,30,Fujitsu,TRUE,FALSE,Fujitsu ScanSnap iX1600 Scanner,Buy ScanSnap iX1600. 40ppm touchscreen WiFi intelligent scanning.
P145,Fellowes Powershred 99Ci Cross-Cut Shredder,shredders,Physical,"100% jam-proof cross-cut shredder with P-4 security, 18-sheet capacity, SafeSense technology, and 9-gallon bin.",249.99,FEL-99CI,15.00,35,Fellowes,TRUE,FALSE,Fellowes 99Ci Cross-Cut Shredder,Shop Fellowes 99Ci. 18-sheet jam-proof cross-cut SafeSense.
P146,Ninja AF101 Air Fryer 4-Quart,air-fryers,Physical,"Compact air fryer with 4-quart capacity, 4 programmable functions, crisper plate, and 75% less fat than traditional frying.",99.99,NIN-AF101,5.50,100,Ninja,TRUE,FALSE,Ninja AF101 4-Quart Air Fryer,Buy Ninja AF101. 4-quart 75% less fat programmable compact.
P147,Panasonic NN-SN686S Microwave Oven,microwaves,Physical,"1.2 cu ft countertop microwave with 1200W power, Inverter technology, Genius Sensor cooking, and turbo defrost.",179.95,PAN-NNSN686S,13.00,60,Panasonic,TRUE,FALSE,Panasonic NN-SN686S Inverter Microwave,Shop Panasonic Inverter Microwave. 1200W Genius Sensor 1.2 cu ft.
P148,Vitamix E310 Explorian Blender,blenders,Physical,"Professional-grade blender with 2HP motor, aircraft-grade stainless blades, variable speed control, and 48oz container.",349.95,VTX-E310,5.40,45,Vitamix,TRUE,FALSE,Vitamix E310 Explorian Blender,Buy Vitamix E310. Professional 2HP aircraft-grade blades variable speed.
P149,LG LP1419IVSM Dual Inverter Portable AC,air-conditioners,Physical,"14000 BTU portable air conditioner with dual inverter compressor, WiFi control, auto swing, and energy-efficient operation.",649.00,LG-LP1419IVSM,29.50,20,LG,TRUE,FALSE,LG 14000 BTU Portable AC Dual Inverter,Shop LG Portable AC. 14000 BTU dual inverter WiFi control efficient.
P150,Dyson Purifier Hot+Cool HP07,air-purifiers,Physical,"Air purifier, heater, and fan with HEPA H13 filtration, formaldehyde sensing, real-time air quality display, and Dyson Link app.",749.99,DYS-HP07,7.90,25,Dyson,TRUE,TRUE,Dyson Purifier Hot+Cool HP07,Buy Dyson HP07. HEPA H13 heating cooling formaldehyde sensing.
P151,Hikvision DS-2CD2043G2-IU 4MP IP Camera,cctv-cameras,Physical,"4MP AcuSense IP bullet camera with built-in mic, 40m IR range, H.265+ compression, and human/vehicle detection.",129.99,HIK-2CD2043G2,0.560,100,Hikvision,TRUE,FALSE,Hikvision 4MP AcuSense IP Camera,Shop Hikvision 4MP. AcuSense human detection built-in mic IR.
P152,Dahua XVR5108HS-I3 8-Channel DVR,dvrs-nvrs,Physical,"8-channel penta-brid XVR with AI features, H.265+, 1080P real-time, SMD Plus detection, and support for 1 SATA HDD up to 10TB.",169.99,DAH-XVR5108HS,0.650,40,Dahua,TRUE,FALSE,Dahua 8-Channel AI XVR DVR,Buy Dahua 8ch XVR. AI SMD Plus H.265+ penta-brid 1080P.
P153,HID iCLASS SE R10 Card Reader,rfid-systems,Physical,"Contactless smart card reader with multi-technology support, 13.56MHz, Wiegand output, and iCLASS SE platform compatibility.",79.99,HID-R10-SE,0.145,75,HID Global,TRUE,FALSE,HID iCLASS SE R10 Card Reader,Shop HID R10. Contactless RFID 13.56MHz Wiegand access control.
P154,ZKTeco SpeedFace V5L Biometric Terminal,biometric-scanners,Physical,"Face and palm recognition terminal with visible light technology, mask detection, 5-inch touch display, and 6000 face capacity.",399.00,ZKT-V5L,0.750,30,ZKTeco,TRUE,FALSE,ZKTeco SpeedFace V5L Biometric Terminal,Buy ZKTeco V5L. Face palm recognition mask detection access control.
P155,Garmin DriveSmart 76 GPS Navigator,gps-trackers,Physical,"7-inch GPS navigator with voice-activated navigation, Garmin Traffic, Bluetooth calling, and detailed maps with lifetime updates.",279.99,GAR-DS76,0.243,50,Garmin,TRUE,FALSE,Garmin DriveSmart 76 GPS Navigator,Shop Garmin DriveSmart 76. 7-inch voice navigation Bluetooth calling.
P156,Vantrue N4 Pro 3-Channel Dash Cam,dash-cams,Physical,"3-channel dash cam with 4K+1080P+1080P recording, voice control, super night vision, GPS, WiFi, and 24-hour parking mode.",299.99,VAN-N4PRO,0.118,60,Vantrue,TRUE,FALSE,Vantrue N4 Pro 3-Channel Dash Cam,Buy Vantrue N4 Pro. 3-channel 4K super night vision GPS WiFi.
P157,Pioneer DMH-1770NEX 6.8-inch Car Stereo,car-stereos,Physical,"6.8-inch modular touchscreen receiver with Apple CarPlay, Android Auto, Bluetooth, WebLink, and 13-band EQ.",399.99,PIO-DMH1770NEX,1.50,35,Pioneer,TRUE,FALSE,Pioneer DMH-1770NEX Car Stereo,Shop Pioneer DMH-1770NEX. 6.8-inch CarPlay Android Auto touchscreen.
P158,Arduino Uno R4 WiFi Board,arduino-boards,Physical,"Next-gen Arduino with Renesas RA4M1 microcontroller, ESP32-S3 WiFi/BLE, 12x8 LED matrix, and Qwiic connector.",27.50,ARD-UNOR4-WIFI,0.025,200,Arduino,TRUE,TRUE,Arduino Uno R4 WiFi,Buy Arduino Uno R4 WiFi. RA4M1 ESP32-S3 LED matrix IoT.
P159,Raspberry Pi 5 8GB,raspberry-pi-boards,Physical,"Latest Raspberry Pi with 2.4GHz quad-core Arm Cortex-A76, 8GB LPDDR4X, PCIe 2.0, dual 4Kp60 HDMI, and USB 3.0.",80.00,RPI-5-8GB,0.046,150,Raspberry Pi Foundation,TRUE,TRUE,Raspberry Pi 5 8GB,Shop Raspberry Pi 5 8GB. Quad-core A76 PCIe 2.0 dual 4K.
P160,ESP32-S3-DevKitC-1 Development Board,microcontrollers,Physical,"ESP32-S3 development board with dual-core 240MHz, WiFi/BLE 5, vector instructions, and USB OTG support.",10.99,ESP-S3-DEVKIT,0.012,500,Espressif,TRUE,FALSE,ESP32-S3 DevKitC-1 Development Board,Buy ESP32-S3 DevKit. Dual-core WiFi BLE 5 AI acceleration USB OTG.
P161,Fluke 117 Electricians True RMS Multimeter,multimeters,Physical,"Professional multimeter with true RMS, VoltAlert technology, AutoVolt, non-contact voltage detection, and CAT III 600V rating.",249.99,FLK-117,0.550,60,Fluke,TRUE,TRUE,Fluke 117 True RMS Multimeter,Shop Fluke 117. True RMS VoltAlert AutoVolt professional multimeter.
P162,Rigol DS1054Z Digital Oscilloscope,oscilloscopes,Physical,"50MHz 4-channel digital oscilloscope with 1GSa/s sample rate, 12Mpts memory, FFT, math functions, and USB storage.",399.00,RIG-DS1054Z,3.20,25,Rigol,TRUE,FALSE,Rigol DS1054Z 4-Channel Oscilloscope,Buy Rigol DS1054Z. 50MHz 4-channel 1GSa/s FFT oscilloscope.
P163,Hakko FX-888D Soldering Station,soldering-stations,Physical,"Professional soldering station with digital display, adjustable temperature 120-899°F, quick heat recovery, and sleep function.",109.99,HAK-FX888D,2.00,75,Hakko,TRUE,FALSE,Hakko FX-888D Soldering Station,Shop Hakko FX-888D. Digital temperature control quick heat professional.
P164,Microsoft 365 Family 1-Year Subscription,office-software,Digital,"Office suite for up to 6 people with Word, Excel, PowerPoint, Outlook, 1TB OneDrive each, and premium features.",99.99,MS-M365-FAM-1Y,0.000,999,Microsoft,TRUE,TRUE,Microsoft 365 Family 1-Year,Buy Microsoft 365 Family. 6 users 1TB each Office apps premium.
P165,Windows 11 Pro Retail License,operating-systems,Digital,"Full retail license for Windows 11 Pro with advanced security, remote desktop, Hyper-V, and BitLocker encryption.",199.99,MS-WIN11PRO-RTL,0.000,999,Microsoft,TRUE,FALSE,Windows 11 Pro Retail License,Shop Windows 11 Pro. Advanced security Hyper-V BitLocker retail.
P166,Norton 360 Deluxe 1-Year 5-Device,antivirus-software,Digital,"Comprehensive security suite with real-time threat protection, VPN, password manager, PC cloud backup, and dark web monitoring.",49.99,NOR-360DLX-1Y-5,0.000,999,Norton,TRUE,FALSE,Norton 360 Deluxe 5-Device 1-Year,Buy Norton 360 Deluxe. VPN dark web monitoring 5 devices protection.
